ID,y
3,0.000977571588009596
4,0.00432335352525115
6,0.00395617168396711
7,0.0067781787365675
14,0.00122124131303281
23,0.00165318488143384
29,0.00216216454282403
30,0.00762601522728801
40,0.00279986555688083
47,0.00592297781258822
49,0.00682655349373817
51,0.00822427682578564
56,0.00684050796553493
59,0.00288399867713451
61,0.00339161045849323
63,0.00236474326811731
64,0.0153890224173665
65,0.0077697029337287
67,0.120619893074036
73,0.00314198923297226
74,0.00378922140225768
75,0.00569573929533362
81,0.00455244956538081
83,0.00117269682232291
84,0.337374627590179
85,0.0052505936473608
94,0.00499390158802271
95,0.00656506372615695
100,0.00520130107179284
105,0.0174147617071867
107,0.00549368327483535
108,0.000969543179962784
109,0.0726062431931496
110,0.321958065032959
116,0.00289187906309962
118,0.0104494737461209
125,0.00617485959082842
127,0.00131679663900286
128,0.00146670348476619
132,0.0102895684540272
137,0.0027081617154181
140,0.0776644870638847
142,0.00563389156013727
147,0.00156356231309474
148,0.00495872413739562
149,0.00178627367131412
150,0.0672573000192642
151,0.0016021323390305
156,0.00128257472533733
159,0.0017471220344305
160,0.00198425352573395
161,0.00472579849883914
163,0.00480268243700266
168,0.00611192686483264
173,0.00348225398920476
174,0.00518189277499914
176,0.0277517940849066
178,0.000626733643002808
185,0.00311864260584116
188,0.0109013663604856
190,0.124692901968956
192,0.00689795287325978
194,0.0024213963188231
200,0.00395987881347537
205,0.0366102047264576
207,0.000842002627905458
214,0.00473201693966985
215,0.00389164220541716
216,0.00492691295221448
217,0.0075081535615027
223,0.00450742803514004
225,0.361422449350357
226,0.00135493953712285
227,0.00519690150395036
233,0.154712796211243
236,0.00055527058430016
238,0.00130959623493254
241,0.00357848289422691
245,0.00763601437211037
246,0.0224092174321413
251,0.00129613652825356
254,0.00565667543560267
255,0.00458680838346481
256,0.00675284629687667
257,0.00137137377168983
258,0.00185369187965989
263,0.00374194723553956
264,0.00125923717860132
266,0.00285834237001836
267,0.0052263718098402
270,0.0316967815160751
271,0.101218812167645
291,0.00208040908910334
293,0.004082300234586
295,0.00563831953331828
298,0.00281281885690987
299,0.00135508540552109
301,0.00245193601585925
303,0.00328988977707922
305,0.00407270155847073
309,0.00210359622724354
313,0.00405003875494003
316,0.00457390770316124
330,0.00266799586825073
337,0.00284717371687293
339,0.0159117374569178
340,0.00316620641387999
344,0.00383575819432735
346,0.045063316822052
361,0.00884999334812164
367,0.00525132846087217
369,0.00543189467862248
374,0.00817799475044012
376,0.00235637044534087
378,0.0033536299597472
379,0.00654962891712785
380,0.00380087271332741
384,0.0339613258838654
385,0.00990029331296682
387,0.00381156522780657
388,0.0528040900826454
390,0.00347562856040895
391,0.490856617689133
392,0.00301177357323468
399,0.0063708839006722
401,0.0014421179657802
402,0.0174323208630085
408,0.00377990142442286
410,0.00730826193466783
412,0.188419789075851
414,0.00244327867403626
416,0.00362980598583818
417,0.0750012695789337
418,0.00349822686985135
422,0.00392643408849835
432,0.272266566753387
434,0.0014772618887946
435,0.00213112263008952
438,0.00630509667098522
441,0.00344157079234719
442,0.00427551008760929
461,0.00359751493670046
463,0.00147276441566646
468,0.178379341959953
471,0.00142452795989811
472,0.171079069375992
473,0.000959277909714729
475,0.555399537086487
479,0.00750169344246388
485,0.000896230689249933
489,0.00375031121075153
490,0.0027274691965431
498,0.00307281827554107
506,0.00247590802609921
508,0.00229988363571465
510,0.00687915692105889
512,0.00471024308353663
514,0.00198258669115603
519,0.00211797887459397
526,0.00833849888294935
530,0.00600316608324647
532,0.0653341114521027
536,0.00281917094253004
538,0.00209030229598284
541,0.0170989111065865
543,0.00248793628998101
550,0.0239110328257084
551,0.00224154419265687
558,0.00278031942434609
563,0.0142461974173784
582,0.00261650746688247
584,0.00685998564586043
585,0.000670424313284457
592,0.00325476448051631
593,0.00372145045548677
596,0.00552915222942829
598,0.0705706179141998
599,0.00778225902467966
600,0.000445118872448802
602,0.00250403373502195
603,0.00148506241384894
610,0.00233625480905175
611,0.00374394934624434
612,0.0135115282610059
613,0.00489261141046882
617,0.0089131947606802
618,0.0028270143084228
620,0.00117721618153155
627,0.247981294989586
628,0.0104914074763656
629,0.00507944170385599
631,0.0116890585049987
634,0.010637435130775
640,0.00232149753719568
643,0.00434737373143435
644,0.00476435711607337
645,0.000519380846526474
654,0.0192794948816299
657,0.00635361671447754
659,0.0058255298063159
661,0.00618930486962199
662,0.0637774914503098
672,0.00257052457891405
681,0.00368708884343505
692,0.00660704961046577
694,0.00153122609481215
698,0.00248911418020725
701,0.00941850896924734
709,0.00202377745881677
721,0.00268071284517646
723,0.0015764448326081
729,0.460837781429291
730,0.00309179583564401
731,0.00171743449755013
743,0.0024083515163511
745,0.00138667842838913
748,0.00305326445959508
751,0.00184430356603116
753,0.00270298426039517
757,0.0052339262329042
759,0.00166851130779833
762,0.00193802325520664
763,0.00169885403010994
765,0.00296008191071451
766,0.00313325831666589
769,0.00281220371834934
774,0.00149281020276248
775,0.00176971917971969
782,0.0023628834169358
785,0.00239133625291288
786,0.213127866387367
788,0.00165176496375352
791,0.0095534548163414
792,0.111665606498718
797,0.00587270548567176
800,0.00418955460190773
804,0.0021351114846766
805,0.00970631279051304
807,0.00138282775878906
809,0.0024588059168309
811,0.00144837459083647
812,0.00117044139187783
815,0.222618520259857
818,0.411742180585861
821,0.00459417561069131
828,0.00248394091613591
835,0.0853648334741592
840,0.00185090850573033
847,0.00474304985255003
849,0.00152707553934306
850,0.198191419243813
854,0.404926747083664
855,0.00468989741057158
857,0.00149070005863905
859,0.126723408699036
860,0.00438672676682472
862,0.00963044166564941
863,0.00731755001470447
869,0.00571656739339232
870,0.0110732307657599
881,0.00347634870558977
882,0.00467137293890119
886,0.00456367200240493
887,0.00556012662127614
894,0.00279318378306925
899,0.0022788445930928
900,0.00386592256836593
902,0.00177218485623598
903,0.00182987994048744
909,0.00170005380641669
910,0.00127723172772676
911,0.00138859474100173
922,0.00379834556952119
928,0.00278647243976593
937,0.00221005687490106
939,0.00155781500507146
942,0.0178865436464548
945,0.00276995776221156
951,0.0108602894470096
953,0.00117142521776259
957,0.254329383373261
958,0.00337628670968115
960,0.000514322600793093
961,0.512383997440338
962,0.00439896201714873
963,0.00380148109979928
964,0.00530305923894048
974,0.0778687596321106
985,0.00884231366217136
986,0.00587871065363288
989,0.00082746270345524
994,0.00107178185135126
998,0.00421373499557376
1000,0.00411207089200616
1003,0.338991314172745
1010,0.0038650999777019
1016,0.309683322906494
1017,0.00119904009625316
1028,0.00353233120404184
1034,0.0625180602073669
1036,0.00125238695181906
1037,0.00250966032035649
1041,0.00191169476602227
1048,0.00472712377086282
1056,0.000655497016850859
1059,0.00335854734294117
1061,0.00156239559873939
1066,0.219582349061966
1067,0.000764542608521879
1069,0.000918215082492679
1079,0.00319693074561656
1080,0.00267172744497657
1086,0.0042022317647934
1093,0.128002524375916
1100,0.00256427493877709
1101,0.00351273501291871
1102,0.00964060146361589
1105,0.00482946028932929
1112,0.00847114995121956
1113,0.00343586946837604
1117,0.00109082157723606
1118,0.00122007401660085
1124,0.00153245648834854
1128,0.000520324800163508
1129,0.00126887555234134
1130,0.00227912561967969
1131,0.00467223301529884
1138,0.00508076278492808
1139,0.322492182254791
1150,0.00385466241277754
1151,0.00929175224155188
1153,0.00837576296180487
1157,0.00212887371890247
1158,0.00429653329774737
1161,0.00277333450503647
1162,0.00164175324607641
1169,0.00104368524625897
1172,0.00142594962380826
1173,0.387041598558426
1177,0.0019867850933224
1178,0.00204964983277023
1179,0.0046025961637497
1181,0.000905991066247225
1182,0.00114542059600353
1186,0.00440003536641598
1187,0.0020661847665906
1189,0.00114544236566871
1195,0.0893596261739731
1196,0.00353896361775696
1200,0.00136096240021288
1203,0.00255183828994632
1205,0.00559244118630886
1214,0.00108320638537407
1220,0.00453020306304097
1222,0.0458585917949677
1228,0.00253690732643008
1229,0.00179920461960137
1236,0.00346440449357033
1239,0.00359234283678234
1241,0.00422444241121411
1245,0.00568811828270555
1246,0.00314917229115963
1249,0.00302838627249002
1251,0.0016250335611403
1258,0.00116442795842886
1260,0.00180244049988687
1267,0.00222268863581121
1271,0.00191226880997419
1272,0.00305045722052455
1274,0.390512347221375
1276,0.00890485849231482
1278,0.00638866005465388
1279,0.00184931221883744
1280,0.00454354658722878
1286,0.00273604015819728
1290,0.00173089921008796
1293,0.00376616697758436
1294,0.00605736998841167
1297,0.00153190805576742
1301,0.0037089807447046
1303,0.00123608810827136
1305,0.0663220435380936
1308,0.003135776380077
1311,0.00171519839204848
1312,0.00323027442209423
1313,0.00493833236396313
1314,0.00105875404551625
1319,0.00640454003587365
1322,0.00216185487806797
1324,0.330596029758453
1326,0.00161753362044692
1327,0.00557678285986185
1329,0.0455855205655098
1330,0.00297933118417859
1332,0.00122142396867275
1334,0.00593364238739014
1335,0.00261989934369922
1338,0.0536297410726547
1343,0.0034979279153049
1345,0.00315778190270066
1358,0.0339230671525002
1360,0.00391299417242408
1367,0.0123890228569508
1370,0.00207146839238703
1372,0.00194986339192837
1374,0.00280607677996159
1376,0.00562862865626812
1394,0.0600442476570606
1395,0.000617190671619028
1397,0.00104592321440578
1404,0.00111875776201487
1416,0.0004414439026732
1417,0.302245765924454
1418,0.00173064973205328
1422,0.217994630336761
1430,0.0082202609628439
1434,0.00532968435436487
1437,0.00646940246224403
1444,0.0162649676203728
1449,0.00447248620912433
1450,0.0023887928109616
1456,0.00324017414823175
1460,0.00122235668823123
1463,0.41880863904953
1464,0.00151524227112532
1468,0.00308975810185075
1469,0.00184389553032815
1471,0.0117828277871013
1478,0.00888581108301878
1486,0.000613854150287807
1487,0.00214169058017433
1490,0.00096784409834072
1492,0.0364400595426559
1494,0.000798944209236652
1496,0.00244971993379295
1497,0.00500598829239607
1500,0.000337938516167924
1503,0.000466397264972329
1512,0.0040170680731535
1514,0.00193800125271082
1515,0.00218157027848065
1517,0.0106333512812853
1522,0.0021479157730937
1526,0.00601698737591505
1527,0.00153795164078474
1541,0.0133256865665317
1543,0.00666672643274069
1548,0.00273737031966448
1549,0.00119502935558558
1552,0.000939613441005349
1559,0.00495273759588599
1562,0.0031936364248395
1563,0.00123492733109742
1567,0.00156080885790288
1568,0.00115051143802702
1580,0.0015687623526901
1584,0.0158706251531839
1585,0.00991154555231333
1589,0.00119493657257408
1590,0.00318178650923073
1591,0.00512727443128824
1592,0.00376928108744323
1593,0.00316673167981207
1603,0.0013776624109596
1607,0.00386743969283998
1615,0.00162499025464058
1618,0.0013416160363704
1622,0.00164098746608943
1630,0.00210571615025401
1636,0.00264361593872309
1641,0.0100811598822474
1643,0.0148845054209232
1648,0.0703937113285065
1649,0.263018935918808
1650,0.00684579089283943
1653,0.0026264451444149
1662,0.0112586235627532
1666,0.012285559438169
1671,0.00312623451463878
1673,0.00480750948190689
1674,0.000654051429592073
1675,0.367254912853241
1676,0.00346007756888866
1681,0.00763110164552927
1683,0.00132622185628861
1684,0.00513523863628507
1688,0.00499562220647931
1689,0.0823576003313065
1690,0.000740631599910557
1693,0.00317948078736663
1695,0.00277207000181079
1697,0.00502879358828068
1699,0.165520086884499
1702,0.0193333104252815
1703,0.00890540517866612
1704,0.00876870006322861
1706,0.00644234661012888
1718,0.00417834566906095
1723,0.00102434784639627
1724,0.00601956341415644
1727,0.00309648201800883
1730,0.00590717792510986
1736,0.00313289929181337
1737,0.00217865454033017
1738,0.00114450219552964
1745,0.00345716183073819
1748,0.000756758789066225
1749,0.00586955761536956
1751,0.0134039307013154
1756,0.00796655751764774
1759,0.00262857950292528
1760,0.00238252733834088
1764,0.177426621317863
1765,0.00484017282724381
1766,0.0049986382946372
1768,0.166159495711327
1770,0.00924299005419016
1777,0.00320236920379102
1778,0.00149971339851618
1779,0.109190531075001
1780,0.00280954665504396
1782,0.00518849724903703
1784,0.00136593182105571
1785,0.000849140458740294
1789,0.00308352964930236
1792,0.0104493889957666
1793,0.00202664826065302
1795,0.00844668131321669
1796,0.364727288484573
1798,0.00303248642012477
1808,0.00676837889477611
1810,0.00141498632729054
1812,0.00547658838331699
1816,0.110226765275002
1817,0.00249453075230122
1819,0.00325676868669689
1820,0.000619739410467446
1823,0.00494356732815504
1826,0.120292566716671
1827,0.00915537960827351
1828,0.0112721724435687
1829,0.00919806864112616
1831,0.00118640263099223
1835,0.00548332184553146
1840,0.0152853894978762
1844,0.0101005937904119
1847,0.000790856429375708
1848,0.00885438267141581
1858,0.00170619261916727
1861,0.322040677070618
1863,0.00167887448333204
1864,0.203229352831841
1865,0.00161002937238663
1868,0.00162907538469881
1873,0.00321307987906039
1877,0.00119202060159296
1881,0.00312671484425664
1894,0.0664245635271072
1895,0.170988619327545
1897,0.00165733357425779
1898,0.001766690867953
1900,0.404840975999832
1902,0.00186788244172931
1903,0.00152686110232025
1904,0.00197409931570292
1909,0.00521054398268461
1911,0.00256705214269459
1913,0.000633564544841647
1921,0.00151567452121526
1923,0.00302569265477359
1925,0.00509018870070577
1926,0.00853939168155193
1927,0.00324088428169489
1928,0.00220972881652415
1934,0.00672535225749016
1935,0.000972752459347248
1943,0.000654385308735073
1944,0.00140726531390101
1945,0.00227420800365508
1947,0.00705664185807109
1951,0.00186775892507285
1955,0.0633672401309013
1958,0.00292847049422562
1959,0.00260968459770083
1961,0.00631293468177319
1962,0.00246556359343231
1965,0.00199161958880723
1968,0.0158409811556339
1969,0.00309592578560114
1971,0.00276546203531325
1974,0.0015916865086183
1979,0.00182980403769761
1982,0.00533844530582428
1984,0.00680270325392485
1985,0.00117211160250008
1986,0.00251493719406426
1992,0.000906571745872498
1998,0.00173679366707802
2000,0.00268036592751741
2001,0.00121699878945947
2002,0.00199772394262254
2003,0.00211249850690365
2005,0.00396348023787141
2009,0.00703056529164314
2013,0.000993112102150917
2017,0.00115429214201868
2022,0.000886121881194413
2027,0.00241691782139242
2029,0.0036190040409565
2032,0.00054245867067948
2045,0.00145810679532588
2047,0.211552336812019
2056,0.00179601076524705
2060,0.0015520635060966
2063,0.00200036005116999
2065,0.00500748958438635
2066,0.00138913502451032
2074,0.00512862671166658
2080,0.00360419228672981
2090,0.00201517436653376
2092,0.00216354662552476
2094,0.00867464486509562
2096,0.00353449210524559
2097,0.266931712627411
2099,0.00413855211809278
2101,0.00275509268976748
2107,0.0148118268698454
2114,0.00105723412707448
2118,0.00298887747339904
2124,0.00752681074663997
2125,0.00363462558016181
2127,0.00476723629981279
2129,0.00680299382656813
2130,0.00432349508628249
2133,0.0827942788600922
2134,0.000766832614317536
2135,0.00202938332222402
2136,0.0994378849864006
2140,0.00360385794192553
2151,0.0060743666253984
2153,0.0823321640491486
2154,0.257318198680878
2155,0.00672743562608957
2156,0.0037248320877552
2160,0.00383060518652201
2163,0.071420356631279
2166,0.00179524661507458
2169,0.085161954164505
2170,0.00603891257196665
2171,0.0089780343696475
2177,0.00103436270728707
2179,0.00105811527464539
2180,0.00317497295327485
2188,0.0370048433542252
2198,0.00303408829495311
2202,0.0778938755393028
2203,0.00572208035737276
2212,0.00632051890715957
2213,0.00562448846176267
2215,0.113862283527851
2220,0.0117620527744293
2224,0.0073469989001751
2228,0.00413220934569836
2236,0.00441409321501851
2241,0.00183344108518213
2247,0.00407013762742281
2251,0.00118025450501591
2252,0.000475130917038769
2255,0.0296440944075584
2268,0.00690149748697877
2269,0.0093150632455945
2273,0.00196718191727996
2274,0.00172374595422298
2280,0.00200827000662684
2282,0.00184866704512388
2288,0.00601619761437178
2295,0.00045299285557121
2299,0.00127697631251067
2301,0.00216541695408523
2308,0.00236365455202758
2315,0.00488322926685214
2316,0.00126515084411949
2319,0.0049511231482029
2324,0.0023570298217237
2328,0.00260353926569223
2334,0.00796485412865877
2339,0.00513381417840719
2340,0.00332913105376065
2343,0.0736507251858711
2356,0.0108291693031788
2357,0.015626622363925
2358,0.00383088737726212
2363,0.0186942107975483
2365,0.0021825316362083
2369,0.00249936920590699
2374,0.014817769639194
2376,0.085495688021183
2378,0.131182819604874
2380,0.00667211599647999
2382,0.00299950782209635
2384,0.006502122618258
2385,0.0164401941001415
2387,0.368408739566803
2393,0.0106388609856367
2395,0.00617453129962087
2399,0.00733176479116082
2400,0.00644015287980437
2401,0.00800663325935602
2405,0.421033561229706
2408,0.00456960638985038
2412,0.0196326617151499
2413,0.00558559549972415
2415,0.0018789682071656
2417,0.00710125453770161
2419,0.235296368598938
2433,0.0606133528053761
2439,0.0022240502294153
2441,0.00412927335128188
2442,0.388205051422119
2450,0.00171605485957116
2453,0.00103972596116364
2456,0.00199284614063799
2457,0.00409943284466863
2458,0.000588253489695489
2459,0.00843911245465279
2462,0.0215213820338249
2470,0.00309547688812017
2471,0.0710776522755623
2475,0.0185544993728399
2478,0.0034761221613735
2479,0.00493137538433075
2482,0.00169958046171814
2484,0.523301184177399
2488,0.00965982396155596
2490,0.00189441023394465
2492,0.00544492714107037
2493,0.00368071347475052
2494,0.324658632278442
2496,0.142908498644829
2500,0.00349147291854024
2501,0.0202902853488922
2503,0.0106634767726064
2504,0.0817411914467812
2505,0.00292451726272702
2511,0.00740789622068405
2516,0.0139418663457036
2517,0.00405513867735863
2518,0.00100684503559023
2521,0.000728058686945587
2522,0.00503244949504733
2525,0.324392676353455
2527,0.00365213467739522
2532,0.277324467897415
2536,0.371396750211716
2538,0.0223419331014156
2539,0.00854413211345673
2541,0.00452709943056107
2548,0.00690662069246173
2550,0.00175962271168828
2554,0.00102647941093892
2555,0.00913158990442753
2556,0.00121056369971484
2557,0.00284693017601967
2564,0.00546919647604227
2567,0.00369715387932956
2569,0.00197931355796754
2572,0.390784859657288
2573,0.00553187681362033
2576,0.00210952013731003
2578,0.0061231991276145
2579,0.00169200287200511
2580,0.00373415532521904
2581,0.00696567166596651
2582,0.00343780335970223
2586,0.000802247552201152
2587,0.00109834433533251
2589,0.00721141276881099
2605,0.0070562269538641
2611,0.00755068100988865
2618,0.00305541325360537
2619,0.00101613311562687
2626,0.000800945970695466
2627,0.000825698021799326
2630,0.000824257789645344
2636,0.0957205966114998
2654,0.00509565649554133
2655,0.00185280805453658
2660,0.00161102449055761
2664,0.00296924076974392
2671,0.00407611485570669
2673,0.00253168912604451
2676,0.0026874931063503
2677,0.00878440495580435
2679,0.00696028443053365
2680,0.0135351279750466
2681,0.00474707596004009
2690,0.223863124847412
2693,0.00321535929106176
2694,0.000794849707745016
2695,0.00376939936541021
2702,0.0151368975639343
2703,0.0101456670090556
2704,0.486498147249222
2710,0.554369986057282
2711,0.00606651743873954
2712,0.000725093123037368
2715,0.000963859492912889
2716,0.000951367954257876
2720,0.00192700047045946
2723,0.00272172945551574
2726,0.00264409626834095
2734,0.0112598827108741
2735,0.00161991419736296
2738,0.00601310422644019
2739,0.169433146715164
2743,0.00142148288432509
2746,0.00401208782568574
2749,0.00793560594320297
2753,0.00128919689450413
2757,0.0271801743656397
2759,0.00392896588891745
2762,0.000877463666256517
2763,0.00413338886573911
2764,0.00200859108008444
2766,0.00229712924920023
2770,0.0050313682295382
2774,0.00173818552866578
2776,0.0045265513472259
2782,0.011250558309257
2783,0.00619619293138385
2786,0.00341422413475812
2787,0.00799274165183306
2788,0.00279126386158168
2790,0.00612909300252795
2797,0.00164503208361566
2803,0.00501546682789922
2806,0.0204409714788198
2807,0.0123957460746169
2809,0.00957441795617342
2814,0.011436783708632
2815,0.00325143267400563
2816,0.00720113376155496
2817,0.00976488925516605
2818,0.254914253950119
2819,0.00802124664187431
2823,0.00434041349217296
2824,0.00263683055527508
2825,0.00290120393037796
2835,0.0121100749820471
2836,0.00577510474249721
2838,0.00593614857643843
2839,0.00188134855125099
2844,0.0124457497149706
2847,0.00839995220303536
2848,0.00699051935225725
2851,0.00698054023087025
2857,0.0945172607898712
2858,0.00875694584101439
2864,0.0106759192422032
2865,0.037943996489048
2867,0.00381403905339539
2873,0.0235195569694042
2879,0.00175769743509591
2883,0.28119096159935
2901,0.0095891784876585
2902,0.0064200796186924
2904,0.00304834940470755
2905,0.00136136426590383
2906,0.00217777653597295
2907,0.0132440291345119
2911,0.0101502500474453
2916,0.00961332395672798
2918,0.00302066234871745
2923,0.00354819535277784
2933,0.00303572323173285
2936,0.00447041681036353
2939,0.00355572602711618
2942,0.317600876092911
2945,0.0276800859719515
2946,0.0412396788597107
2947,0.0124934054911137
2950,0.0980351269245148
2951,0.00490140169858933
2953,0.081917442381382
2960,0.00460098823532462
2965,0.003589321160689
2968,0.00067204178776592
2969,0.00101575767621398
2974,0.00330534297972918
2980,0.0037347583565861
2983,0.302127182483673
2984,0.000657465599942952
2988,0.00117499742191285
2991,0.00435269437730312
2994,0.0027578822337091
3000,0.00528434570878744
3002,0.00473147816956043
3005,0.376651793718338
3008,0.00681424699723721
3009,0.000960397243034095
3010,0.000850887910928577
3011,0.0857066288590431
3012,0.00653952173888683
3013,0.0141469053924084
3017,0.00507317297160626
3021,0.237762302160263
3023,0.00690377922728658
3025,0.0867206081748009
3027,0.00584717700257897
3031,0.000761581992264837
3040,0.00422066915780306
3042,0.00106927962042391
3044,0.00337123614735901
3048,0.0110442824661732
3049,0.00264460174366832
3051,0.00514119863510132
3056,0.00256704492494464
3057,0.00795188918709755
3064,0.00798181910067797
3078,0.00262075522914529
3079,0.00539688067510724
3080,0.000323635438689962
3083,0.00235041929408908
3085,0.00468619959428906
3091,0.00159582798369229
3092,0.00993030890822411
3100,0.00239052413962781
3102,0.00655606389045715
3104,0.00294928927905858
3111,0.00195685960352421
3119,0.00276947696693242
3123,0.0559973381459713
3128,0.267962723970413
3132,0.00120954704470932
3137,0.00141659087967128
3140,0.00358526478521526
3141,0.494075775146484
3142,0.000437101232819259
3148,0.00122913136146963
3150,0.000317391648422927
3152,0.0107725374400616
3155,0.00979813747107983
3157,0.00239796820096672
3159,0.00214089988730848
3161,0.00397127028554678
3164,0.00237802183255553
3169,0.000847583112772554
3170,0.423255056142807
3173,0.00287266308441758
3174,0.00320667983032763
3176,0.00242019630968571
3177,0.0027131293900311
3179,0.00842599477618933
3182,0.0011475037317723
3183,0.00559684447944164
3184,0.00048496582894586
3187,0.000861550215631723
3195,0.264819979667664
3196,0.00487785879522562
3203,0.00107121479231864
3204,0.00431699119508266
3212,0.0216128919273615
3228,0.00237172935158014
3234,0.00956022087484598
3235,0.00663028797134757
3239,0.00304955244064331
3240,0.000828855903819203
3241,0.00886870175600052
3243,0.00424031633883715
3245,0.00413363054394722
3248,0.00121265649795532
3250,0.00216783746145666
3252,0.181859657168388
3255,0.0165898408740759
3263,0.0066483267582953
3264,0.00547470338642597
3269,0.00472205178812146
3275,0.00310987327247858
3276,0.00131792901083827
3277,0.00952762365341187
3279,0.00252328393980861
3282,0.00426645344123244
3287,0.00279172835871577
3299,0.00762350764125586
3306,0.160174131393433
3309,0.00916298385709524
3321,0.00287941982969642
3327,0.00633712019771338
3329,0.00642867852002382
3331,0.00348385632969439
3335,0.00162120792083442
3336,0.00691293925046921
3338,0.00289942510426044
3340,0.00190924073103815
3343,0.00905465614050627
3349,0.000684999278746545
3351,0.00426838034763932
3354,0.00917227007448673
3355,0.000730798579752445
3363,0.002084378618747
3367,0.0018370101461187
3368,0.00196586223319173
3369,0.00242077675648034
3380,0.0147651936858892
3384,0.00485082529485226
3385,0.00346805271692574
3386,0.00760262366384268
3396,0.00207625469192863
3397,0.00324050383642316
3400,0.000566277652978897
3402,0.00232971902005374
3403,0.00294527062214911
3411,0.265440911054611
3415,0.00861407350748777
3419,0.00135021202731878
3427,0.00356862461194396
3428,0.00575004750862718
3434,0.295528024435043
3435,0.00724067399278283
3440,0.0821601003408432
3442,0.0021892657969147
3443,0.000984500744380057
3445,0.00260646943934262
3447,0.00453444151207805
3454,0.00590571388602257
3462,0.00313671259209514
3463,0.0139396358281374
3466,0.000911088078282773
3469,0.455318063497543
3472,0.0190350171178579
3475,0.00383244338445365
3485,0.446592807769775
3488,0.209654361009598
3489,0.00965265557169914
3500,0.00167030259035528
3507,0.00719008734449744
3510,0.606892943382263
3512,0.00150139525067061
3515,0.261453717947006
3517,0.00275207310914993
3521,0.00124277069699019
3523,0.00135089491959661
3525,0.149776116013527
3527,0.000437301903730258
3531,0.0102208806201816
3533,0.0022079108748585
3537,0.0025649422314018
3539,0.00359618873335421
3540,0.394788414239883
3545,0.000521401409059763
3549,0.265166938304901
3554,0.0071634566411376
3559,0.00284785474650562
3562,0.00880015082657337
3567,0.00258596637286246
3569,0.00210577039979398
3570,0.00416630366817117
3575,0.00281241745688021
3576,0.00187711964827031
3581,0.351568907499313
3584,0.0733960121870041
3589,0.00197412190027535
3590,0.386098206043243
3592,0.0023892680183053
3599,0.336649566888809
3600,0.010230103507638
3602,0.00157886405941099
3605,0.000229192708502524
3610,0.00118025834672153
3616,0.00475056003779173
3617,0.0107469884678721
3618,0.00381816155277193
3620,0.0172642506659031
3621,0.0020295272115618
3622,0.00375041808001697
3625,0.00219449168071151
3629,0.000982943107374012
3634,0.00278126634657383
3639,0.000896682497113943
3641,0.00388754950836301
3642,0.00323796644806862
3643,0.0113933803513646
3646,0.000618208257947117
3647,0.0107108065858483
3648,0.00111705018207431
3649,0.00243540131486952
3654,0.00322454213164747
3655,0.0011151593644172
3661,0.00493079517036676
3665,0.162789151072502
3670,0.00644328957423568
3672,0.00284507474862039
3673,0.0102506382390857
3688,0.055328331887722
3690,0.0044507160782814
3692,0.00684223184362054
3693,0.00621957983821631
3697,0.00613119592890143
3699,0.00418686401098967
3709,0.32279908657074
3714,0.00421637063845992
3717,0.0101168882101774
3720,0.00360413710586727
3723,0.00284856022335589
3725,0.00546083087101579
3729,0.00543493824079633
3745,0.013453982770443
3746,0.0105172945186496
3747,0.00902729853987694
3753,0.00270552677102387
3754,0.00298226741142571
3759,0.00561946909874678
3761,0.0118997562676668
3762,0.00330752553418279
3763,0.00324836350046098
3767,0.00399204483255744
3771,0.435892850160599
3773,0.00280288560315967
3774,0.00860330928117037
3775,0.208207234740257
3777,0.00502133835107088
3779,0.000814331346191466
3780,0.00424534687772393
3782,0.000682338664773852
3783,0.00948486663401127
3786,0.00408755708485842
3788,0.0116085559129715
3791,0.0083597619086504
3792,0.00974928960204124
3797,0.00570339988917112
3799,0.00127082271501422
3802,0.00997103657573462
3804,0.00588863948360086
3815,0.134513646364212
3816,0.00521513121202588
3817,0.00426039844751358
3818,0.00533169973641634
3821,0.00386207364499569
3822,0.000615729775745422
3823,0.00432648090645671
3828,0.00219301576726139
3830,0.473403632640839
3833,0.000478116300655529
3838,0.0130502618849278
3840,0.0974942967295647
3846,0.0238157641142607
3847,0.0197163037955761
3850,0.00614224467426539
3851,0.00263857422396541
3852,0.265663325786591
3857,0.0282527543604374
3858,0.0101311141625047
3861,0.00210497505031526
3863,0.205205723643303
3865,0.0512945652008057
3876,0.00628515612334013
3881,0.00414389744400978
3882,0.450896590948105
3884,0.00177472073119134
3888,0.00172013673000038
3893,0.00419237650930882
3894,0.0147147597745061
3895,0.0043206512928009
3900,0.00250023603439331
3904,0.0371913686394691
3913,0.17630672454834
3914,0.00546547630801797
3918,0.00423282757401466
3922,0.0111348945647478
3923,0.0103114629164338
3927,0.005317741073668
3929,0.00587454857304692
3930,0.135671719908714
3931,0.0104986764490604
3932,0.0111320922151208
3933,0.00449189310893416
3937,0.000393203750718385
3940,0.00201849523000419
3942,0.00157339009456337
3943,0.00217726686969399
3948,0.515877783298492
3949,0.00137851282488555
3950,0.00282255630008876
3955,0.00168855674564838
3957,0.0673122555017471
3958,0.00170712370891124
3959,0.00335732963867486
3961,0.00701088272035122
3962,0.00168819981627166
3966,0.0054631931707263
3969,0.00467502605170012
3972,0.524151682853699
3973,0.349169433116913
3981,0.00129640812519938
3985,0.00589636247605085
3992,0.00487995194271207
3993,0.0123152667656541
3997,0.0863041877746582
4000,0.547926247119904
4001,0.211482539772987
4002,0.450929939746857
4003,0.00172355060931295
4007,0.00357864773832262
4010,0.00210449635051191
4014,0.00430142553523183
4016,0.398843824863434
4019,0.00163391488604248
4021,0.00223501934669912
4030,0.00246921461075544
4031,0.00174932728987187
4034,0.000712624576408416
4035,0.00654779560863972
4037,0.000525165931321681
4046,0.000524040602613241
4050,0.00747193023562431
4051,0.000959824654273689
4052,0.000620482082013041
4053,0.00197007972747087
4057,0.000658212346024811
4060,0.000522207410540432
4064,0.00324923289008439
4073,0.0208717882633209
4074,0.00671373261138797
4075,0.00261007808148861
4079,0.00212988676503301
4080,0.00444516679272056
4083,0.00345170870423317
4085,0.047481082379818
4086,0.00706760585308075
4095,0.00104997912421823
4105,0.00566398072987795
4106,0.00261355983093381
4107,0.00331860408186913
4108,0.00543547421693802
4115,0.00239675468765199
4130,0.0098418565467
4131,0.00223613204434514
4133,0.000706389080733061
4140,0.000438813964137808
4141,0.00134997407440096
4142,0.000885583343915641
4144,0.00734026916325092
4150,0.00791372824460268
4151,0.00208152807317674
4152,0.0914239659905434
4158,0.00288165500387549
4159,0.00314585072919726
4160,0.000916347315069288
4170,0.134000882506371
4176,0.00180742074735463
4190,0.00703404797241092
4192,0.00199263775721192
4195,0.102983608841896
4198,0.00286435848101974
4200,0.48291626572609
4202,0.00481170881539583
4205,0.00915115885436535
4207,0.00807462353259325
4208,0.00669471500441432
4216,0.00494555896148086
4218,0.00176933920010924
4221,0.00792888924479485
4228,0.00442591495811939
4231,0.00688379351049662
4234,0.00104687176644802
4235,0.00573613122105598
4238,0.00181261054240167
4239,0.000871296273544431
4240,0.00920378882437944
4242,0.00293724657967687
4247,0.00232333154417574
4252,0.00588021846488118
4253,0.00184051005635411
4254,0.130117654800415
4259,0.00332682044245303
4261,0.0056317443959415
4269,0.00145282002631575
4273,0.0109418267384171
4277,0.0111426897346973
4278,0.00156099325977266
4281,0.000441277312347665
4282,0.000687328865751624
4283,0.00294659705832601
4284,0.00367773324251175
4287,0.0017596788238734
4290,0.0236827842891216
4304,0.0138058783486485
4307,0.0036668551620096
4310,0.00154823693446815
4311,0.000446136487880722
4321,0.00175501871854067
4331,0.000900972343515605
4333,0.00143753015436232
4334,0.00433257548138499
4338,0.00361747900024056
4341,0.00169434503186494
4344,0.00109405978582799
4354,0.00269200606271625
4359,0.48951843380928
4365,0.00168319325894117
4368,0.00358218606561422
4370,0.00127715989947319
4376,0.0029597554821521
4377,0.000596087251324207
4378,0.465089857578278
4384,0.000538529711775482
4387,0.00193459528964013
4388,0.00131348671857268
4389,0.011341854929924
4391,0.000321518658893183
4392,0.0134458336979151
4393,0.0132719445973635
4398,0.00784955453127623
4404,0.130560040473938
4406,0.00135826063342392
4410,0.0137617094442248
4411,0.0071499883197248
4413,0.00321395369246602
4417,0.525143146514893
4420,0.00392963364720345
4421,0.00207081786356866
4422,0.00369366188533604
4423,0.106144428253174
4432,0.475853174924851
4441,0.00492061441764236
4443,0.00119813811033964
4444,0.00181437574792653
4445,0.0595557391643524
4448,0.0018481242004782
4449,0.0508079454302788
4452,0.0108170602470636
4455,0.0024426628369838
4460,0.00115662557072938
4466,0.014380631968379
4467,0.00221029878593981
4468,0.00363587262108922
4469,0.00194976874627173
4472,0.00410813419148326
4480,0.00128486659377813
4487,0.00110343866981566
4488,0.00344270607456565
4494,0.00309228687547147
4497,0.00359902414493263
4498,0.000538147171027958
4499,0.0106034092605114
4504,0.001599051640369
4506,0.00475760828703642
4507,0.00476654665544629
4512,0.00446581188589335
4513,0.00171916268300265
4515,0.00542604783549905
4521,0.00356951518915594
4525,0.00268537132069469
4526,0.000712038716301322
4528,0.00492924684658647
4531,0.232979714870453
4532,0.00598993850871921
4538,0.0032747951336205
4539,0.001054932246916
4544,0.0687072724103928
4546,0.00232137832790613
4547,0.0187702253460884
4555,0.000910149712581187
4557,0.00664408318698406
4558,0.00541971856728196
4562,0.601328015327454
4566,0.00395906111225486
4569,0.0679041519761086
4570,0.0026277219876647
4576,0.00706755183637142
4590,0.00509025389328599
4592,0.00505984714254737
4594,0.00153192551806569
4598,0.00557204615324736
4601,0.0018603375647217
4606,0.221989810466766
4608,0.393360882997513
4611,0.00308698508888483
4618,0.0066337026655674
4623,0.00221444922499359
4627,0.0049988585524261
4628,0.00134573865216225
4637,0.00120558671187609
4646,0.0011452924227342
4654,0.00433468446135521
4657,0.00029206313774921
4658,0.00129651429597288
4661,0.000654625764582306
4664,0.00979500636458397
4666,0.00257563497871161
4673,0.00268476223573089
4678,0.00344685721211135
4685,0.00179695035330951
4689,0.00430479878559709
4690,0.0013645983999595
4692,0.00169374269898981
4697,0.00766318757086992
4698,0.00101228558924049
4699,0.000286858732579276
4700,0.520540833473206
4703,0.00237313541583717
4704,0.00423661945387721
4705,0.000563563895411789
4711,0.127112194895744
4715,0.00311220670118928
4718,0.00265792780555785
4723,0.00305948732420802
4729,0.00195919186808169
4735,0.00101995700970292
4737,0.0028122637886554
4739,0.000403699319576845
4742,0.00159776187501848
4750,0.00615446176379919
4756,0.00334990280680358
4764,0.00385176134295762
4768,0.0085335886105895
4771,0.0112583320587873
4776,0.00161836866755039
4777,0.0036251456476748
4779,0.00128399929963052
4787,0.00261650490574539
4803,0.0833568945527077
4805,0.00219745794311166
4811,0.0082696033641696
4812,0.00746007869020104
4813,0.00662563787773252
4815,0.00665085902437568
4816,0.00604822440072894
4817,0.00663942983374
4818,0.00472010718658567
4822,0.00631197728216648
4824,0.00549672730267048
4827,0.00501099741086364
4832,0.00696300389245153
4833,0.0103177707642317
4840,0.00797990523278713
4841,0.00729772914201021
4843,0.00481919758021832
4846,0.00077124108793214
4849,0.0046314257197082
4852,0.00338194076903164
4854,0.0208573415875435
4859,0.00722081074491143
4860,0.0184273701161146
4861,0.00233717635273933
4865,0.011027998290956
4866,0.00256038247607648
4869,0.00222914898768067
4870,0.00586598878726363
4871,0.0557199493050575
4872,0.000778580724727362
4873,0.00169642234686762
4874,0.00528078526258469
4877,0.0750477910041809
4878,0.0888458490371704
4882,0.0247656553983688
4886,0.310033142566681
4887,0.00104732566978782
4888,0.00764831295236945
4890,0.0069489786401391
4896,0.1525569409132
4902,0.0107502788305283
4904,0.00946450047194958
4907,0.0155637990683317
4910,0.0764719471335411
4912,0.0250506810843945
4914,0.000843654270283878
4915,0.0812292546033859
4923,0.00380619359202683
4926,0.00142277765553445
4927,0.000995834590867162
4932,0.272089391946793
4936,0.00328092533163726
4940,0.00553736463189125
4941,0.0135949710384011
4942,0.424946039915085
4944,0.36312660574913
4950,0.00413443148136139
4952,0.00278393505141139
4955,0.0107847349718213
4956,0.00402905326336622
4958,0.000787670898716897
4962,0.000788250530604273
4971,0.00374423037283123
4973,0.00293507589958608
4974,0.00208272598683834
4975,0.008062026463449
4978,0.00615459913387895
4980,0.0301317442208529
4985,0.288812011480331
4989,0.00364437117241323
4990,0.00413467502221465
4991,0.00410330854356289
4992,0.131027683615685
4994,0.0669499263167381
4996,0.0125501491129398
4998,0.000931853428483009
4999,0.236980304121971
5002,0.00463502574712038
5008,0.0534851029515266
5009,0.0371595621109009
5012,0.0220997910946608
5015,0.00929676182568073
5017,0.00213542650453746
5019,0.00128592073451728
5022,0.498209118843079
5025,0.294977426528931
5026,0.00437372783198953
5027,0.0181509424000978
5030,0.014056297019124
5035,0.530567348003388
5038,0.00153778761159629
5041,0.00486609200015664
5044,0.0093254316598177
5048,0.00881033018231392
5050,0.0042728940024972
5051,0.338976740837097
5052,0.00054607295896858
5057,0.00273552909493446
5059,0.00795559491962194
5061,0.00419091340154409
5070,0.00413375021889806
5075,0.00186166272033006
5076,0.00219920044764876
5084,0.0029091308824718
5085,0.00191916793119162
5098,0.00614696461707354
5099,0.00327036855742335
5101,0.00188933266326785
5102,0.00166085525415838
5105,0.00578380143269897
5107,0.00565547682344914
5108,0.000347618450177833
5111,0.00391285866498947
5114,0.0021383750718087
5118,0.000641723338048905
5119,0.00239067664369941
5124,0.000657836673781276
5128,0.00144517759326845
5129,0.0026799391489476
5130,0.10200148075819
5140,0.00203803228214383
5145,0.375310271978378
5150,0.00276921363547444
5153,0.000704148609656841
5155,0.00407116999849677
5164,0.000457736983662471
5174,0.00365804391913116
5183,0.00443175993859768
5190,0.00160406564828008
5191,0.000654458301141858
5192,0.00206577382050455
5193,0.0217495858669281
5196,0.00215750187635422
5197,0.0132200038060546
5198,0.00164687179494649
5202,0.00758014246821404
5203,0.00842882040888071
5207,0.00144208152778447
5208,0.00378851382993162
5211,0.00084895477630198
5212,0.0166175812482834
5215,0.000612649193499237
5217,0.00383832422085106
5226,0.00620739022269845
5230,0.0161470994353294
5244,0.00142984266858548
5247,0.00398907158523798
5249,0.435445249080658
5252,0.337795794010162
5253,0.00484767975285649
5259,0.0140398442745209
5260,0.00777193857356906
5261,0.00616765581071377
5263,0.00220353459008038
5264,0.0121007962152362
5265,0.00477342773228884
5269,0.00810883473604918
5270,0.0022094186861068
5273,0.00353142339736223
5278,0.00401229551061988
5288,0.00620355270802975
5300,0.00952589511871338
5306,0.00121973291970789
5309,0.00132926751393825
5310,0.0245265793055296
5311,0.00835680589079857
5317,0.00956367515027523
5323,0.00291601615026593
5330,0.00103536644019187
5332,0.0105841467157006
5334,0.00521531933918595
5335,0.0078580267727375
5340,0.00428742030635476
5343,0.429809361696243
5357,0.00344927073456347
5369,0.00520108174532652
5376,0.00882583018392324
5379,0.0204166732728481
5389,0.0015736372442916
5394,0.00320636108517647
5396,0.0151897054165602
5397,0.003277154173702
5399,0.122790947556496
5400,0.00191654288209975
5401,0.00394309498369694
5403,0.000608251022640616
5407,0.00395459961146116
5408,0.00601383717730641
5409,0.00668264785781503
5410,0.00890527479350567
5411,0.00617668544873595
5420,0.00282451394014061
5421,0.0204481687396765
5422,0.00580218015238643
5426,0.00398025428876281
5430,0.0101082250475883
5447,0.00857534818351269
5448,0.566942512989044
5449,0.00247262208722532
5450,0.00618271809071302
5457,0.321721732616425
5461,0.302255064249039
5466,0.00495217135176063
5475,0.00354209286160767
5476,0.0142636392265558
5483,0.00735919084399939
5484,0.499997556209564
5486,0.00485127186402679
5487,0.00644242949783802
5500,0.10281328111887
5503,0.00223322841338813
5504,0.0854227021336556
5509,0.00435859989374876
5515,0.00129248073790222
5517,0.00337466807104647
5520,0.117733635008335
5544,0.00153969670645893
5547,0.434482514858246
5550,0.0117622409015894
5554,0.00265893316827714
5556,0.173762544989586
5557,0.00604229932650924
5558,0.00129311613272876
5564,0.00450570788234472
5565,0.00318439025431871
5569,0.00141955318395048
5576,0.448937445878983
5578,0.00263772974722087
5583,0.00802178494632244
5586,0.000520885281730443
5587,0.00168791622854769
5589,0.0029779658652842
5592,0.00206761085428298
5594,0.00271788029931486
5600,0.0016478153411299
5601,0.00948208943009377
5603,0.00102264736779034
5604,0.00506308162584901
5607,0.00242772465571761
5608,0.0488219596445561
5609,0.00183060904964805
5610,0.00144201703369617
5611,0.00705854268744588
5613,0.00190464744810015
5614,0.00497746653854847
5615,0.00241643935441971
5619,0.00232468033209443
5622,0.00462544150650501
5623,0.0136105306446552
5625,0.00525788869708777
5626,0.0178233776241541
5628,0.478390276432037
5629,0.0473492741584778
5634,0.00119038729462773
5635,0.504710853099823
5640,0.00225340225733817
5643,0.00224495190195739
5645,0.00380976428277791
5651,0.00760818785056472
5655,0.00730600673705339
5657,0.00301060965284705
5660,0.00415300438180566
5665,0.0111364908516407
5668,0.13091841340065
5672,0.00327233853749931
5675,0.0010613442864269
5684,0.0045849671587348
5686,0.00366683956235647
5689,0.0174257066100836
5690,0.00371748907491565
5697,0.0979557037353516
5703,0.00374534237198532
5705,0.000666002160869539
5710,0.0139217032119632
5711,0.00233218399807811
5713,0.00530590722337365
5714,0.00729163130745292
5720,0.00623019319027662
5721,0.0140262469649315
5724,0.00902902521193027
5732,0.00656498968601227
5735,0.00292241713032126
5742,0.115209341049194
5744,0.00674209278076887
5748,0.00968153867870569
5752,0.0139592876657844
5756,0.00979525130242109
5760,0.00275303283706307
5762,0.00981577485799789
5767,0.00169431592803448
5769,0.13501088321209
5771,0.00167127058375627
5772,0.00174438720569015
5774,0.08330337703228
5776,0.011651917360723
5778,0.00183947314508259
5788,0.00129863619804382
5794,0.00211011548526585
5797,0.00316719827242196
5798,0.148877367377281
5799,0.00194560771342367
5802,0.018969289958477
5806,0.00865911785513163
5809,0.00292225601151586
5810,0.0052323522977531
5813,0.00212978152558208
5815,0.00419585360214114
5818,0.00503193633630872
5820,0.029771015048027
5821,0.00319211441092193
5822,0.00375415990129113
5829,0.0036709236446768
5835,0.00935128703713417
5836,0.00204143044538796
5837,0.00293500628322363
5839,0.0020455876365304
5840,0.003158672247082
5842,0.00713984807953239
5843,0.00270170299336314
5847,0.674796462059021
5848,0.00152687646914274
5849,0.00454795267432928
5851,0.00215264991857111
5853,0.461438775062561
5855,0.00255657127127051
5856,0.0500942431390286
5858,0.00303745269775391
5859,0.0538008250296116
5863,0.0056185070425272
5865,0.00230709556490183
5866,0.00242346827872098
5867,0.247988626360893
5868,0.0030839357059449
5870,0.0028754030354321
5880,0.00404129503294826
5883,0.00233114580623806
5885,0.0022743702866137
5888,0.00441784970462322
5893,0.00242462242022157
5895,0.00369259878061712
5896,0.103931158781052
5906,0.00299928546883166
5911,0.00816377811133862
5927,0.00142326485365629
5931,0.00531785702332854
5932,0.0198754835873842
5936,0.0388046391308308
5937,0.00177560024894774
5941,0.00163669651374221
5944,0.00116435531526804
5951,0.00183871167246252
5953,0.00137634645216167
5955,0.378256022930145
5961,0.00289000826887786
5964,0.00483848247677088
5967,0.00178244488779455
5969,0.00399606628343463
5971,0.00282856868579984
5977,0.0206586178392172
5980,0.00237214798107743
5983,0.00471534952521324
5990,0.276708453893662
5992,0.00347083900123835
5995,0.00112362066283822
5997,0.00451275194063783
6006,0.201888844370842
6007,0.511837780475617
6011,0.0660487785935402
6014,0.000936708354856819
6015,0.0053586708381772
6016,0.00214506615884602
6017,0.00114782899618149
6018,0.0443626381456852
6022,0.415808200836182
6024,0.00217029149644077
6025,0.00376415671780705
6028,0.00101524638012052
6044,0.00905589293688536
6046,0.00136346509680152
6054,0.166316598653793
6055,0.00147790357004851
6058,0.00290768733248115
6061,0.399306327104569
6063,0.0096955569460988
6066,0.00415502628311515
6070,0.00270316540263593
6073,0.00345807056874037
6076,0.0878508538007736
6077,0.00267154350876808
6081,0.00410223519429565
6082,0.00423720898106694
6091,0.00197145086713135
6092,0.00274738436564803
6095,0.00208757678046823
6097,0.00502918940037489
6098,0.00825517345219851
6100,0.000544173351954669
6101,0.00277860253117979
6103,0.00661284569650888
6113,0.488145917654038
6121,0.00849211402237415
6125,0.573385834693909
6127,0.013211764395237
6130,0.00378534430637956
6132,0.00527287367731333
6133,0.0161228086799383
6136,0.00291939824819565
6139,0.465347439050674
6143,0.0151248890906572
6146,0.0125736184418201
6147,0.00557315815240145
6148,0.00293107656762004
6158,0.398346781730652
6160,0.00562690244987607
6161,0.00345363188534975
6163,0.502248167991638
6168,0.00425817631185055
6171,0.0151420943439007
6177,0.0188996866345406
6178,0.0324730686843395
6179,0.0521650165319443
6181,0.00106209644582123
6185,0.50113582611084
6187,0.266157507896423
6191,0.161922782659531
6194,0.0142777794972062
6196,0.0247869826853275
6198,0.0105076711624861
6200,0.00196001539006829
6203,0.00486046774312854
6204,0.00620790477842093
6209,0.0185539480298758
6213,0.000928959110751748
6216,0.0115548865869641
6219,0.00845460873097181
6221,0.00519116828218103
6229,0.128322273492813
6230,0.0132172787562013
6236,0.0196490827947855
6237,0.00490920105949044
6238,0.00548894936218858
6250,0.00606485921889544
6253,0.00399903021752834
6255,0.00234315916895866
6258,0.00350046996027231
6261,0.00205609039403498
6264,0.00603849207982421
6275,0.00658171996474266
6276,0.00266494089737535
6278,0.00573791563510895
6283,0.0121976835653186
6284,0.00475248601287603
6285,0.0044180890545249
6288,0.0218822304159403
6293,0.00267192698083818
6294,0.00618639960885048
6295,0.0241184327751398
6298,0.00355044170282781
6299,0.00657677045091987
6301,0.00829484593123198
6308,0.0122474804520607
6311,0.00760879972949624
6312,0.00143025256693363
6318,0.0184488836675882
6322,0.0156483203172684
6325,0.00986368302255869
6326,0.251818269491196
6329,0.00496380869299173
6331,0.00837443582713604
6332,0.0163324885070324
6336,0.00407883338630199
6339,0.00460839550942183
6344,0.00799641013145447
6345,0.118999637663364
6349,0.00463470676913858
6351,0.00414522178471088
6353,0.0163149703294039
6355,0.0314854085445404
6356,0.00917874649167061
6357,0.00779165793210268
6360,0.0055937934666872
6367,0.00509299291297793
6368,0.0120654199272394
6369,0.00703958841040731
6370,0.0184915978461504
6375,0.0107502285391092
6376,0.0109182428568602
6377,0.0537350028753281
6382,0.0697575509548187
6383,0.00833134073764086
6385,0.0463736094534397
6388,0.0174271520227194
6393,0.000638595607597381
6395,0.00298261176794767
6398,0.00032720755552873
6403,0.0039618918672204
6404,0.00888519361615181
6405,0.0118514616042376
6408,0.0135989040136337
6411,0.090044841170311
6418,0.0186025612056255
6422,0.0533577650785446
6423,0.000484628428239375
6430,0.0429987870156765
6435,0.00927372928708792
6436,0.00267624948173761
6440,0.0133599173277617
6443,0.00562573643401265
6446,0.00335106044076383
6447,0.045557301491499
6454,0.00301418849267066
6458,0.0079294741153717
6460,0.00267564388923347
6461,0.00445232819765806
6471,0.00562736624851823
6475,0.158849239349365
6486,0.00405998714268208
6488,0.0121520115062594
6489,0.0021325103007257
6493,0.0040886695496738
6496,0.0669949054718018
6499,0.0183425899595022
6500,0.00273581920191646
6502,0.00126415933482349
6510,0.0096836881712079
6512,0.000416546885389835
6513,0.0123410103842616
6514,0.00217713532038033
6521,0.395516455173492
6523,0.00638883281499147
6526,0.00401727203279734
6529,0.101652219891548
6531,0.0097474018111825
6532,0.0113832922652364
6540,0.002081980695948
6550,0.00574590545147657
6553,0.00125201302580535
6554,0.00225711264647543
6556,0.00386782176792622
6558,0.00259264465421438
6569,0.000842342444229871
6570,0.00161272729746997
6571,0.00256347749382257
6573,0.00664966832846403
6577,0.00288084940984845
6583,0.00133170105982572
6584,0.00207321671769023
6587,0.0905744582414627
6589,0.0028540373314172
6590,0.00288257584907115
6591,0.00638984981924295
6592,0.00242577260360122
6593,0.0754076838493347
6598,0.0053275185637176
6599,0.386488378047943
6611,0.00292772427201271
6616,0.00151543051470071
6625,0.00203000358305871
6626,0.00359247229062021
6627,0.461724847555161
6629,0.00741447368636727
6631,0.00321057788096368
6637,0.00196681404486299
6641,0.00357247749343514
6642,0.00155521463602781
6650,0.0054069897159934
6651,0.000712529465090483
6658,0.00663939537480474
6660,0.0198334399610758
6661,0.0182048603892326
6672,0.0113514782860875
6673,0.0170846935361624
6676,0.00452032033354044
6678,0.00524925626814365
6681,0.0104685621336102
6685,0.00529390387237072
6688,0.00513502443209291
6689,0.00332914851605892
6690,0.00494260573759675
6694,0.000963950005825609
6695,0.0100746005773544
6703,0.0168275404721499
6704,0.00323086697608233
6707,0.0108085796236992
6716,0.0181287974119186
6721,0.00981287006288767
6722,0.00777956424281001
6723,0.0154494764283299
6726,0.287732988595963
6731,0.00167721533216536
6735,0.0068297516554594
6739,0.00420869560912251
6740,0.00386432907544076
6744,0.35323578119278
6745,0.00667989486828446
6754,0.00326538295485079
6760,0.00208845804445446
6765,0.0532944202423096
6767,0.00605691643431783
6768,0.00603971676900983
6769,0.00693638436496258
6774,0.0736942812800407
6775,0.475215464830399
6777,0.00717185577377677
6780,0.0606513097882271
6785,0.0039854277856648
6786,0.00399889145046473
6788,0.00509865675121546
6789,0.0229348838329315
6794,0.00146541418507695
6795,0.00296675157733262
6800,0.00440762704238296
6803,0.00542631559073925
6805,0.00186794460751116
6820,0.00240933243185282
6836,0.00203329254873097
6837,0.00115053937770426
6848,0.00738463085144758
6859,0.0030296219047159
6862,0.00594988698139787
6863,0.010373187251389
6866,0.00332441623322666
6871,0.00075551396002993
6876,0.0625153258442879
6883,0.0107172364369035
6891,0.00161768239922822
6898,0.00219614407978952
6900,0.00233390205539763
6903,0.0192390400916338
6909,0.00252924603410065
6912,0.00611040322110057
6913,0.00814875680953264
6915,0.001710050040856
6918,0.537338078022003
6921,0.00253934576176107
6922,0.00434084609150887
6923,0.124574743211269
6930,0.00448887702077627
6931,0.00107736396603286
6934,0.250272750854492
6937,0.0143660148605704
6943,0.00527818081900477
6945,0.00899611413478851
6948,0.000648977875243872
6949,0.00300575024448335
6959,0.00206952448934317
6962,0.00248222122900188
6968,0.00105443329084665
6972,0.0694267451763153
6973,0.00354804913513362
6974,0.00492818932980299
6975,0.00354958837851882
6976,0.00445707561448216
6979,0.00556485587731004
6982,0.00225974502973259
6985,0.00718793924897909
6986,0.0710418969392777
6988,0.00140050228219479
6991,0.00257993838749826
6994,0.00122147344518453
6997,0.0116022983565927
7006,0.000617537240032107
7011,0.000607770576607436
7012,0.00948789063841105
7013,0.00097529508639127
7017,0.00490049924701452
7021,0.0985675677657127
7025,0.00243222340941429
7026,0.00499460520222783
7027,0.0168577264994383
7035,0.0351185575127602
7036,0.00107563345227391
7040,0.00299226283095777
7045,0.037916649132967
7046,0.00328613328747451
7048,0.000462785275885835
7051,0.00267076352611184
7052,0.00198930618353188
7056,0.00372595968656242
7057,0.00717229349538684
7058,0.00176616874523461
7076,0.000571270764339715
7082,0.0183964800089598
7083,0.00430049235001206
7086,0.00926873181015253
7091,0.0697469413280487
7093,0.00848445296287537
7094,0.00074385735206306
7097,0.00495574623346329
7098,0.00474584847688675
7104,0.00376632413826883
7105,0.00349067850038409
7106,0.00186351360753179
7107,0.0112245446071029
7110,0.00676149362698197
7111,0.00674414029344916
7112,0.0106497276574373
7114,0.00223294901661575
7115,0.352463126182556
7116,0.00260744639672339
7123,0.0033460462000221
7127,0.00832200609147549
7128,0.00627667456865311
7129,0.0310877747833729
7132,0.00442642765119672
7133,0.00487446459010243
7139,0.00134091603104025
7141,0.00730272941291332
7145,0.00110012874938548
7148,0.199517175555229
7151,0.00857782177627087
7154,0.0318312980234623
7156,0.187484592199326
7157,0.0109615670517087
7158,0.0169458817690611
7162,0.00358908413909376
7163,0.0197958573698998
7168,0.00426867185160518
7169,0.0058934623375535
7170,0.0121837928891182
7171,0.0145482830703259
7172,0.00809470657259226
7176,0.00122525112237781
7181,0.0989693328738213
7184,0.00210590078495443
7186,0.109021611511707
7187,0.000615418481174856
7196,0.00811573769897223
7199,0.0143304690718651
7201,0.00279597821645439
7203,0.00981709640473127
7207,0.00258108577691019
7211,0.00335125927813351
7213,0.00355631415732205
7233,0.0987075865268707
7234,0.000571738404687494
7238,0.0665888041257858
7244,0.00588880386203528
7248,0.00431904103606939
7249,0.0055369627662003
7253,0.435394763946533
7259,0.000811923935543746
7264,0.0181205924600363
7268,0.00113192561548203
7270,0.000890923314727843
7273,0.00551964528858662
7274,0.0255947485566139
7277,0.000520528643392026
7282,0.0932980999350548
7288,0.00390587514266372
7290,0.00592601904645562
7300,0.0101256407797337
7302,0.0849095806479454
7311,0.00337166548706591
7312,0.0145886922255158
7313,0.102461658418179
7324,0.00171492726076394
7329,0.00520645780488849
7330,0.00268317060545087
7335,0.396617442369461
7336,0.00129992444999516
7339,0.0226695742458105
7340,0.00782100763171911
7347,0.153472036123276
7348,0.00291440146975219
7351,0.102487921714783
7355,0.29079470038414
7356,0.00234333635307848
7357,0.00259460229426622
7358,0.00058545486535877
7362,0.0249049291014671
7363,0.00191242818254977
7364,0.00443990062922239
7381,0.00281960680149496
7388,0.0174416843801737
7390,0.332973062992096
7391,0.102190122008324
7397,0.00181882246397436
7404,0.0259284023195505
7406,0.00129363720770925
7410,0.580401599407196
7411,0.00216313172131777
7413,0.00103964330628514
7414,0.010075437836349
7416,0.00278775813058019
7417,0.00284907640889287
7421,0.000908030662685633
7424,0.00629413267597556
7428,0.00325657054781914
7429,0.00265048933215439
7430,0.00796501245349646
7431,0.00650583207607269
7432,0.30544900894165
7437,0.000802576018031687
7439,0.00623703422024846
7440,0.000439777970314026
7447,0.00971854478120804
7448,0.0032746831420809
7454,0.00295424461364746
7458,0.385957598686218
7459,0.376478433609009
7460,0.00274258852005005
7466,0.00196699751541018
7467,0.00276702479459345
7468,0.00385674089193344
7471,0.000670952897053212
7476,0.00350543833337724
7479,0.0103158820420504
7484,0.00216676807031035
7485,0.00173522683326155
7488,0.00189185852650553
7490,0.00202967599034309
7494,0.000402365752961487
7496,0.212464064359665
7500,0.000503195973578841
7502,0.0366913601756096
7504,0.00071268092142418
7508,0.0656863078474999
7510,0.000303564680507407
7515,0.00516325701028109
7517,0.00594292767345905
7522,0.00140594784170389
7525,0.00443329615518451
7526,0.00210835202597082
7532,0.0105527536943555
7537,0.00764589942991734
7540,0.00612860452383757
7542,0.00163532351143658
7550,0.121235750615597
7555,0.00253077177330852
7562,0.00134806102141738
7566,0.144115403294563
7568,0.0101274996995926
7572,0.360409885644913
7575,0.00527592329308391
7577,0.000916224205866456
7579,0.00055829476332292
7582,0.0976044237613678
7583,0.00848308112472296
7588,0.0116464057937264
7589,0.00835891254246235
7590,0.00472331373021007
7598,0.00103131437208503
7606,0.0082568796351552
7607,0.116119705140591
7608,0.00536118308082223
7611,0.00549602601677179
7612,0.706005096435547
7615,0.211117401719093
7617,0.0100407171994448
7618,0.00827383156865835
7626,0.00128149776719511
7629,0.0191801730543375
7637,0.00851590745151043
7638,0.290347099304199
7640,0.00202740845270455
7642,0.0182888377457857
7643,0.0101937865838408
7652,0.00290931225754321
7654,0.00278389523737133
7656,0.0101956343278289
7657,0.00177276111207902
7662,0.00544025842100382
7664,0.042808048427105
7668,0.00360737880691886
7669,0.570685505867004
7670,0.0125440824776888
7673,0.00895812921226025
7677,0.00258553959429264
7679,0.0020834484603256
7681,0.00297258934006095
7684,0.186231836676598
7686,0.00650999415665865
7689,0.0191704612225294
7691,0.00993802770972252
7692,0.0220129210501909
7693,0.0113080581650138
7707,0.0032790252007544
7710,0.00532353017479181
7712,0.000974261027295142
7713,0.000904246873687953
7723,0.00479542417451739
7724,0.000664507155306637
7728,0.00162050651852041
7729,0.576776087284088
7730,0.00211228732950985
7731,0.00365337356925011
7733,0.65044116973877
7738,0.00304224900901318
7739,0.00562844984233379
7745,0.614867985248566
7746,0.00157088495325297
7748,0.00130633800290525
7750,0.00232866057194769
7751,0.00163918302860111
7754,0.000460019888123497
7758,0.0574712529778481
7761,0.00356238381937146
7763,0.00234185857698321
7767,0.0180626455694437
7768,0.683665692806244
7769,0.00702419970184565
7770,0.00346751208417118
7771,0.00166262499988079
7775,0.00664643058553338
7776,0.00704532396048307
7782,0.00350401806645095
7783,0.00657046819105744
7795,0.00605860212817788
7796,0.568193137645721
7800,0.00397944916039705
7801,0.00599591806530953
7804,0.0044670607894659
7815,0.096592552959919
7816,0.00407648039981723
7817,0.000768717669416219
7818,0.0111329481005669
7819,0.243017315864563
7820,0.0069619556888938
7825,0.0165973249822855
7826,0.00186790816951543
7827,0.0056260833516717
7832,0.00351908477023244
7833,0.00385509431362152
7836,0.00187458598520607
7840,0.00191679107956588
7841,0.00255029136314988
7846,0.0064502814784646
7847,0.460649192333221
7849,0.0125268111005425
7850,0.00148242746945471
7852,0.576012194156647
7854,0.000942712475080043
7857,0.00205494207330048
7863,0.00103525305166841
7864,0.00240308186039329
7865,0.00662287976592779
7868,0.0124341687187552
7873,0.00214428966864944
7874,0.0013256206875667
7875,0.00362184573896229
7880,0.00370456301607192
7881,0.0043358700349927
7883,0.0149342929944396
7884,0.00448881508782506
7897,0.00345463631674647
7898,0.00418119365349412
7900,0.00860650651156902
7901,0.00562283536419272
7903,0.000670772627927363
7910,0.000979933189228177
7912,0.0014731262344867
7917,0.324861317873001
7929,0.00321000558324158
7932,0.00818987283855677
7935,0.00194078497588635
7936,0.000352160364855081
7937,0.0168253723531961
7939,0.00573204783722758
7943,0.000606819870881736
7944,0.00160794879775494
7946,0.00522264698520303
7953,0.000511785445269197
7960,0.0022356363479048
7961,0.00221237982623279
7964,0.00436497153714299
7968,0.0089316675439477
7973,0.0162313152104616
7974,0.00861605349928141
7976,0.00360778300091624
7979,0.00787339825183153
7982,0.00431356346234679
7991,0.0111505314707756
7993,0.0153717491775751
7997,0.00761471083387733
8006,0.00260743033140898
8009,0.0033305361866951
8011,0.0149235837161541
8019,0.00917470175772905
8023,0.00185696093831211
8025,0.44418203830719
8030,0.0114769404754043
8033,0.00858874525874853
8035,0.514710128307343
8036,0.0406716838479042
8037,0.00721648382022977
8038,0.0134683512151241
8041,0.0134971011430025
8045,0.00159708713181317
8046,0.0956445559859276
8047,0.0441266596317291
8048,0.0112595316022635
8049,0.00372980628162622
8055,0.138652876019478
8062,0.0138768162578344
8064,0.0149636846035719
8072,0.0201858188956976
8080,0.017954770475626
8082,0.0135656781494617
8087,0.0112513964995742
8096,0.00757182855159044
8107,0.00943547859787941
8110,0.029500924050808
8114,0.00771912559866905
8117,0.00254041259177029
8126,0.00633956165984273
8133,0.00321504916064441
8134,0.00765179935842753
8137,0.00572195835411549
8139,0.00778337847441435
8147,0.0035037430934608
8149,0.016057351604104
8152,0.250213086605072
8160,0.0381981544196606
8165,0.0204461235553026
8172,0.00558633962646127
8178,0.0971378311514854
8181,0.00254379212856293
8184,0.00572069128975272
8185,0.22036212682724
8186,0.0508443713188171
8192,0.0115256728604436
8193,0.0117533653974533
8196,0.00760407373309135
8197,0.00497483368963003
8201,0.00519808009266853
8209,0.00818686466664076
8212,0.0183249246329069
8215,0.00376308197155595
8219,0.371957868337631
8225,0.00558485928922892
8226,0.00753744365647435
8231,0.0168447401374578
8245,0.0116278687492013
8246,0.0268794428557158
8252,0.00530484318733215
8253,0.237539321184158
8255,0.00265789497643709
8256,0.00806840416043997
8259,0.00456973258405924
8265,0.00498607708141208
8267,0.00151445821393281
8268,0.293056815862656
8273,0.00355983222834766
8277,0.108021050691605
8279,0.00422001583501697
8280,0.043980099260807
8281,0.000602634623646736
8282,0.0228704437613487
8284,0.00125660188496113
8285,0.036818340420723
8292,0.0144971748813987
8293,0.00238342513330281
8296,0.0111886505037546
8297,0.0116604333743453
8301,0.00151873799040914
8308,0.0968349799513817
8309,0.717819929122925
8312,0.00104565673973411
8317,0.00476928194984794
8326,0.0338322184979916
8330,0.00380549556575716
8331,0.00346082891337574
8332,0.000763407209888101
8335,0.0045412415638566
8340,0.000793461396824569
8345,0.285478562116623
8346,0.0470678210258484
8352,0.0181608386337757
8353,0.00601676478981972
8356,0.00451457547023892
8357,0.00566607853397727
8361,0.0110437832772732
8364,0.00122475461103022
8365,0.0131384469568729
8368,0.0113820107653737
8370,0.00391967780888081
8372,0.00491227209568024
8373,0.0308651998639107
8374,0.0110365869477391
8377,0.0193280093371868
8379,0.00583233591169119
8381,0.00714348256587982
8382,0.0103850001469254
8385,0.00878359936177731
8387,0.0228723827749491
8389,0.00459146546199918
8390,0.0111421318724751
8397,0.0147313540801406
8402,0.0109205031767488
8406,0.175717785954475
8407,0.0253735799342394
8409,0.00571932177990675
8411,0.00706786336377263
8414,0.00310902018100023
8415,0.0301174987107515
8416,0.00496355211362243
8418,0.00627858377993107
8434,0.0218928419053555
8437,0.0126663036644459
8438,0.00302081601694226
8440,0.0550680160522461
8441,0.00318118277937174
8445,0.00998868048191071
8452,0.0171412862837315
8455,0.00469949841499329
8456,0.399430066347122
8457,0.00684786587953568
8458,0.00482430448755622
8459,0.0130321569740772
8462,0.000973133486695588
8463,0.00696623977273703
8464,0.00302604772150517
8465,0.0165801960974932
8467,0.0109041575342417
8468,0.00898224487900734
8476,0.0130550842732191
8477,0.00195839209482074
8480,0.00407825782895088
8481,0.00880948454141617
8487,0.00791627075523138
8489,0.0164338257163763
8497,0.00166956172324717
8501,0.00742562022060156
8505,0.00759134627878666
8506,0.348502427339554
8507,0.00537031097337604
8509,0.0122654978185892
8513,0.00467557180672884
8518,0.00208541448228061
8523,0.488979876041412
8525,0.00322961271740496
8526,0.00110472703818232
8530,0.0116525497287512
8531,0.0177915599197149
8535,0.00929587427526712
8538,0.0125382533296943
8541,0.0132397180423141
8543,0.120898611843586
8558,0.00117754307575524
8562,0.0159949567168951
8567,0.0104468055069447
8568,0.0043331990018487
8574,0.00688310898840427
8583,0.00400545122101903
8584,0.00474513880908489
8587,0.0175480302423239
8588,0.00112213811371475
8591,0.0050254063680768
8596,0.0140997795388103
8601,0.00075854390161112
8607,0.0153312850743532
8611,0.0121257547289133
8612,0.00832096673548222
8618,0.0150239961221814
8621,0.0312066972255707
8623,0.397692382335663
8624,0.00561740947887301
8625,0.00691998098045588
8629,0.583561599254608
8636,0.00512193329632282
8640,0.00340395164676011
8641,0.0124514419585466
8643,0.00850992277264595
8646,0.00838297419250011
8652,0.0108956703916192
8654,0.00414120452478528
8655,0.00665749702602625
8656,0.015589945949614
8657,0.0108724469318986
8660,0.22881543636322
8662,0.0017560807755217
8666,0.00702917715534568
8667,0.00604646746069193
8670,0.0111578367650509
8675,0.216934248805046
8679,0.306340605020523
8684,0.0194312278181314
8687,0.219198495149612
8693,0.0035324958153069
8697,0.630287051200867
8701,0.00694813020527363
8703,0.00280743115581572
8704,0.0148203112185001
8709,0.373433023691177
8710,0.0672718062996864
8716,0.00542209902778268
8722,0.555095136165619
8724,0.00512721342965961
8728,0.00635474547743797
8734,0.00322265573777258
8735,0.0056435433216393
8741,0.00154870795086026
8748,0.0160097852349281
8749,0.0023203284945339
8752,0.0125947538763285
8754,0.0188813302665949
8760,0.025201041251421
8768,0.00333407754078507
8770,0.00602908292785287
8771,0.0121890213340521
8772,0.00586828636005521
8773,0.0363035500049591
8774,0.465329587459564
8779,0.00770529126748443
8786,0.0161767229437828
8788,0.41058024764061
8790,0.00532110687345266
8791,0.00913794245570898
8794,0.0129711255431175
8798,0.0188595857471228
8799,0.0124941701069474
8805,0.00923590920865536
8812,0.51043039560318
8816,0.0109007433056831
8825,0.0159913096576929
8826,0.00190065940842032
8834,0.00713047990575433
8841,0.00901662278920412
8843,0.00846110656857491
8844,0.0149383125826716
8851,0.00179491413291544
8853,0.00620172685012221
8855,0.22885462641716
8863,0.00497699622064829
8868,0.00987339206039906
8877,0.00754235358908773
8896,0.00502062356099486
8897,0.0106710707768798
8899,0.00256204651668668
8900,0.000954811286646873
8902,0.0132636865600944
8904,0.00997577793896198
8906,0.00569653557613492
8910,0.0057980278506875
8912,0.00950733199715614
8915,0.0150158479809761
8923,0.00625618593767285
8925,0.0135287186130881
8927,0.0159721784293652
8928,0.00883750524371862
8929,0.00243771821260452
8932,0.0240722969174385
8933,0.000641963735688478
8936,0.00190648762509227
8937,0.00108903995715082
8938,0.00387503392994404
8939,0.0123829981312156
8944,0.223994866013527
8954,0.0342416204512119
8955,0.0164801422506571
8965,0.0106633557006717
8971,0.00212616659700871
8973,0.00386345526203513
8976,0.00624656165018678
8977,0.184921875596046
8984,0.0174763333052397
8985,0.00469831842929125
8986,0.0238684900105
8988,0.0105483885854483
8993,0.00671401852741838
8995,0.00178557063918561
8996,0.00828761607408524
8999,0.00914797373116016
9000,0.0133037175983191
9001,0.00599702075123787
9004,0.0114943962544203
9010,0.00218618172220886
9011,0.0145789198577404
9022,0.22344172000885
9023,0.00822057574987412
9026,0.366860061883926
9034,0.0021843786817044
9035,0.0138974245637655
9039,0.16499887406826
9043,0.00146378588397056
9044,0.0381516143679619
9049,0.00284698558971286
9055,0.00498902564868331
9056,0.0305761061608791
9059,0.0354832150042057
9060,0.018839668482542
9063,0.0107463402673602
9067,0.00466119404882193
9068,0.00785213243216276
9070,0.525428771972656
9080,0.0178070664405823
9085,0.0240155458450317
9087,0.0092662051320076
9092,0.00863631535321474
9096,0.0154981091618538
9097,0.0115969851613045
9098,0.00476180529221892
9106,0.00764260720461607
9110,0.00388513528741896
9114,0.0900619179010391
9122,0.500129759311676
9125,0.00892522465437651
9126,0.00372030492872
9127,0.00521566811949015
9128,0.00485395453870297
9130,0.00164201273582876
9132,0.00366639508865774
9137,0.0154486931860447
9138,0.00688768737018108
9139,0.0277223251760006
9140,0.00883352942764759
9143,0.1728355884552
9144,0.327340245246887
9147,0.00329049676656723
9149,0.243135571479797
9151,0.00974569004029036
9163,0.00409595528617501
9164,0.0029886772390455
9166,0.0111475819721818
9167,0.0217628199607134
9168,0.0049491529352963
9169,0.0114997662603855
9170,0.0012616008752957
9173,0.00166104349773377
9178,0.00743636814877391
9180,0.0120456051081419
9183,0.0247887466102839
9184,0.0649827197194099
9187,0.00619626045227051
9194,0.264905720949173
9206,0.389498442411423
9210,0.342422813177109
9216,0.0106478231027722
9226,0.0180956888943911
9227,0.000658202974591404
9233,0.00753863481804729
9247,0.00486845942214131
9248,0.00747647834941745
9251,0.00490242009982467
9252,0.000595865771174431
9253,0.0145245036110282
9255,0.333462119102478
9256,0.00193049327936023
9258,0.00587082374840975
9264,0.00404053879901767
9267,0.00996112357825041
9271,0.0240407101809979
9273,0.000897871796041727
9274,0.0215299651026726
9276,0.00607132399454713
9278,0.147173792123795
9283,0.00103314698208123
9286,0.00357004930265248
9287,0.0234240554273129
9293,0.000456353300251067
9294,0.0125892991200089
9297,0.000799369532614946
9299,0.00660475296899676
9300,0.114761680364609
9304,0.00442213239148259
9307,0.0139025878161192
9313,0.0586576424539089
9315,0.00668223295360804
9320,0.0277886837720871
9323,0.0121238762512803
9324,0.00832890719175339
9326,0.0165946874767542
9327,0.00208494812250137
9334,0.00254599866457284
9337,0.00433973968029022
9339,0.00966077297925949
9340,0.046161238104105
9345,0.00577811198309064
9349,0.00413936236873269
9356,0.00783777330070734
9357,0.0249670930206776
9360,0.00382242957130075
9361,0.00751460948958993
9364,0.0381617397069931
9366,0.00192579592112452
9367,0.0404442064464092
9369,0.00197066855616868
9370,0.0041367681697011
9371,0.00888096634298563
9372,0.00663696136325598
9378,0.0191007498651743
9387,0.423285394906998
9391,0.00474455347284675
9394,0.00895336363464594
9395,0.00958921108394861
9397,0.0039779506623745
9400,0.00720328511670232
9405,0.00321304798126221
9407,0.00194377801381052
9408,0.0251900609582663
9409,0.0189232863485813
9411,0.0146291833370924
9412,0.00420536007732153
9419,0.00181116082239896
9420,0.0467460639774799
9421,0.0021754433400929
9423,0.00247824564576149
9426,0.00161559041589499
9434,0.00252681598067284
9435,0.573506236076355
9436,0.00134348485153168
9439,0.0118665816262364
9443,0.405033946037293
9445,0.0367383435368538
9446,0.00366212683729827
9448,0.0115258572623134
9455,0.00595533242449164
9456,0.2697414457798
9460,0.00471367593854666
9465,0.0574123784899712
9466,0.0999297425150871
9467,0.00613157683983445
9468,0.0155177600681782
9474,0.00161313265562058
9478,0.00653871009126306
9479,0.457321286201477
9481,0.00246969633735716
9483,0.0140611547976732
9485,0.025514267385006
9487,0.00543757574632764
9492,0.0271040517836809
9497,0.0074094501323998
9498,0.0437626130878925
9504,0.0125945219770074
9506,0.00882558804005384
9507,0.00653444370254874
9512,0.00983917061239481
9518,0.00991863664239645
9519,0.0352494195103645
9521,0.0160057451575995
9522,0.00381754501722753
9526,0.0385269522666931
9527,0.00241699116304517
9528,0.00301933125592768
9530,0.0164914540946484
9533,0.00558711867779493
9545,0.00948692765086889
9548,0.00801508687436581
9554,0.0324670262634754
9556,0.00960883963853121
9563,0.00743221305310726
9574,0.0052556018345058
9575,0.00203831261023879
9578,0.00618397537618876
9579,0.525469779968262
9581,0.105067022144794
9588,0.00128017412498593
9591,0.00282437284477055
9600,0.00350747094489634
9606,0.0656142234802246
9607,0.00446709478273988
9610,0.00508034322410822
9614,0.00227562803775072
9616,0.00407126499339938
9618,0.0176681838929653
9620,0.00939021725207567
9622,0.0139084002003074
9624,0.0044437488541007
9628,0.00778447324410081
9629,0.00466730212792754
9630,0.0402392670512199
9635,0.437650412321091
9636,0.00127166789025068
9637,0.00626556342467666
9638,0.00964190904051065
9643,0.0203952267765999
9649,0.0292822942137718
9650,0.00291268364526331
9660,0.0262010078877211
9661,0.000800869718659669
9663,0.00456104055047035
9664,0.014963760972023
9667,0.0046453126706183
9676,0.00507285306230187
9679,0.00185578060336411
9683,0.00219657574780285
9684,0.0100067472085357
9687,0.261962592601776
9689,0.00749603286385536
9695,0.00269706104882062
9701,0.00467175431549549
9702,0.0063179680146277
9704,0.00347827351652086
9706,0.00664246547967196
9710,0.00376704568043351
9711,0.00263016251847148
9712,0.0105782663449645
9717,0.0100625092163682
9719,0.0079061845317483
9720,0.0213461183011532
9725,0.00456714769825339
9731,0.0027374925557524
9738,0.118126697838306
9739,0.116770371794701
9741,0.00677270814776421
9745,0.00490742176771164
9746,0.0181015338748693
9747,0.00160417554434389
9749,0.00280548166483641
9751,0.0102640381082892
9752,0.0144929382950068
9754,0.0393375381827354
9757,0.0113064488396049
9759,0.0150015661492944
9762,0.00948134157806635
9767,0.0075913961045444
9769,0.0282549224793911
9777,0.033463142812252
9786,0.0832899138331413
9792,0.00471659610047936
9793,0.0194826517254114
9794,0.00509698363021016
9796,0.0500269271433353
9801,0.00985867809504271
9802,0.0065648122690618
9806,0.00813064724206924
9812,0.00187403929885477
9815,0.301788598299027
9818,0.0133849512785673
9821,0.0194102432578802
9823,0.315000414848328
9824,0.00704436982050538
9826,0.549081265926361
9827,0.00725486082956195
9829,0.0130689097568393
9839,0.00514503149315715
9840,0.00613121036440134
9846,0.00820994935929775
9852,0.0048855934292078
9855,0.0069586499594152
9860,0.00957217533141375
9865,0.00604454195126891
9867,0.00623144768178463
9870,0.0340818278491497
9872,0.00913366954773664
9876,0.0183299127966166
9882,0.00473886262625456
9885,0.00695158215239644
9887,0.00349619123153389
9890,0.0102752577513456
9891,0.0200419668108225
9899,0.00328985089436173
9903,0.00924994796514511
9915,0.00570386508479714
9920,0.0824220553040505
9926,0.00391610851511359
9930,0.0128403240814805
9932,0.0204825066030025
9937,0.076379656791687
9943,0.0969515591859818
9947,0.0167397260665894
9948,0.33931103348732
9954,0.00302614690735936
9957,0.00436599971726537
9960,0.00222777272574604
9963,0.00828572642058134
9965,0.000992988119833171
9979,0.00219289259985089
9982,0.0193490348756313
9988,0.00755792763084173
9989,0.00683980854228139
9990,0.00952916219830513
9991,0.0067532560788095
9998,0.00216310913674533
10001,0.0150052020326257
10002,0.00168469233904034
10003,0.00321462727151811
10004,0.00473060272634029
10005,0.00692719034850597
10007,0.0136476792395115
10008,0.00602903682738543
10016,0.00318655977025628
10024,0.0356628112494946
10028,0.0049623535014689
10029,0.00130719994194806
10031,0.0161745212972164
10035,0.00260106171481311
10038,0.0098639102652669
10040,0.0204340554773808
10045,0.00729289790615439
10048,0.00184333208017051
10050,0.442432045936584
10054,0.235632494091988
10060,0.0293974410742521
10062,0.000960964767728001
10066,0.00203352281823754
10068,0.150943413376808
10074,0.0123534305021167
10079,0.00922596640884876
10080,0.0109787741675973
10082,0.0110278315842152
10088,0.0274519585072994
10089,0.0029071276076138
10092,0.00636121956631541
10093,0.00781724974513054
10098,0.500617206096649
10106,0.0146592119708657
10107,0.143967092037201
10111,0.0221757981926203
10113,0.0101290876045823
10115,0.0028786682523787
10120,0.00452238926663995
10121,0.00451240921393037
10122,0.00856780726462603
10126,0.0283160544931889
10127,0.00809320528060198
10128,0.0110657187178731
10134,0.172135189175606
10136,0.0107517447322607
10138,0.044042345136404
10140,0.00717877829447389
10143,0.00826745666563511
10151,0.0591176152229309
10152,0.00432821083813906
10157,0.00532421423122287
10164,0.00541906338185072
10165,0.581562697887421
10166,0.00253818789497018
10171,0.00609935121610761
10172,0.0279292911291122
10178,0.0115545215085149
10180,0.0259408205747604
10186,0.375797122716904
10190,0.00598490983247757
10200,0.207707703113556
10201,0.0129531407728791
10207,0.00266117579303682
10208,0.00610768748447299
10210,0.00943763181567192
10211,0.140875399112701
10212,0.013141818344593
10221,0.00245079793967307
10222,0.0401395298540592
10227,0.00764622120186687
10228,0.00446624215692282
10236,0.327837824821472
10239,0.00800075754523277
10241,0.00769760692492127
10242,0.546537458896637
10245,0.00992462318390608
10250,0.00132727064192295
10251,0.0457633621990681
10256,0.00162649492267519
10259,0.0277842134237289
10260,0.00363708892837167
10262,0.0113582173362374
10266,0.443127304315567
10267,0.00293414108455181
10268,0.0131217651069164
10271,0.00178246269933879
10273,0.0079492973163724
10276,0.00537798786535859
10278,0.00359713030047715
10279,0.355750501155853
10280,0.0561343021690846
10285,0.00897946953773499
10289,0.0418418049812317
10294,0.00522118806838989
10295,0.0289570242166519
10296,0.0201064068824053
10302,0.00884538982063532
10304,0.0272758956998587
10308,0.0162712391465902
10310,0.0290551614016295
10312,0.00963396672159433
10313,0.0167682319879532
10316,0.00131137436255813
10319,0.0167165417224169
10323,0.00636451737955213
10326,0.0115571850910783
10332,0.0123747484758496
10353,0.00182266847696155
10354,0.0171618070453405
10355,0.00962986331433058
10360,0.0182802341878414
10368,0.0130901131778955
10370,0.00872478168457747
10372,0.00121804769150913
10377,0.00140596530400217
10381,0.473388344049454
10388,0.254918605089188
10390,0.0137800434604287
10401,0.00657971203327179
10402,0.225584343075752
10405,0.238560453057289
10407,0.0229125618934631
10414,0.00122317194472998
10417,0.425978899002075
10421,0.00805252511054277
10427,0.00847393739968538
10428,0.337249130010605
10429,0.0283209420740604
10432,0.00238397507928312
10434,0.00247955904342234
10440,0.0194203592836857
10442,0.00558615988120437
10446,0.0151373101398349
10447,0.00260563287883997
10454,0.00584717420861125
10456,0.0100590139627457
10458,0.0639937222003937
10459,0.0113629084080458
10460,0.00396772008389235
10462,0.00858913082629442
10463,0.00148207799065858
10464,0.21713525056839
10467,0.454368472099304
10469,0.00447520893067122
10470,0.0111728934571147
10472,0.00808723270893097
10475,0.00311973574571311
10484,0.0063619245775044
10486,0.35084393620491
10490,0.00890530459582806
10491,0.00364930531941354
10493,0.00710321497172117
10495,0.00346271088346839
10496,0.00583455106243491
10498,0.0061381827108562
10499,0.0227820537984371
10501,0.000900330021977425
10508,0.00328106270171702
10509,0.577815711498261
10521,0.00403078133240342
10522,0.0137593084946275
10523,0.0040780701674521
10524,0.00558762205764651
10526,0.00206490210257471
10529,0.00378292473033071
10535,0.00839827209711075
10537,0.0018667874392122
10540,0.00137627765070647
10541,0.0984895974397659
10542,0.0250906739383936
10545,0.000919490994419903
10547,0.0037320964038372
10554,0.0096657145768404
10555,0.0232409294694662
10557,0.0309378374367952
10562,0.0248286798596382
10564,0.012969983741641
10570,0.00212905602529645
10573,0.00350690446794033
10578,0.0100996550172567
10589,0.00587780214846134
10591,0.0137210097163916
10594,0.442519754171371
10595,0.00409634038805962
10603,0.00507901515811682
10604,0.00219748611561954
10607,0.00501661375164986
10618,0.00894684623926878
10619,0.0026074736379087
10627,0.0307013671845198
10629,0.00909143127501011
10637,0.00303416070528328
10638,0.00776818441227078
10639,0.00172108446713537
10643,0.00369382346980274
10649,0.00338947563432157
10655,0.0687587335705757
10657,0.0194433033466339
10660,0.00117685284931213
10663,0.035814493894577
10664,0.00556247122585774
10665,0.26042902469635
10671,0.00777247874066234
10672,0.00467883050441742
10673,0.0140324337407947
10674,0.00151149265002459
10675,0.000481711031170562
10679,0.00978655554354191
10685,0.00798309966921806
10686,0.00831493362784386
10687,0.000729128369130194
10688,0.00425530411303043
10689,0.00968165323138237
10692,0.0124635677784681
10695,0.0736084431409836
10705,0.0193833019584417
10710,0.00364939239807427
10712,0.00635334569960833
10713,0.007015036419034
10715,0.0159627925604582
10717,0.0382900647819042
10718,0.0054565416648984
10726,0.000652024056762457
10732,0.00746099324896932
10736,0.002869842806831
10740,0.0130000822246075
10742,0.0250345561653376
10745,0.0221875067800283
10749,0.00668559549376369
10752,0.189056396484375
10757,0.0072884913533926
10761,0.00211400468833745
10764,0.0114489840343595
10775,0.00246271886862814
10776,0.00268329051323235
10779,0.0110450070351362
10780,0.00520671205595136
10783,0.00620416412129998
10786,0.014944376423955
10789,0.0131251867860556
10792,0.00570847513154149
10793,0.0633017346262932
10798,0.0135694434866309
10803,0.00885431934148073
10806,0.00443432107567787
10811,0.00755055993795395
10812,0.0156153533607721
10813,0.00976488925516605
10816,0.0044691669754684
10818,0.0149010000750422
10819,0.00130006251856685
10821,0.00678801257163286
10823,0.0194229632616043
10824,0.0225179251283407
10827,0.133939236402512
10832,0.00736876204609871
10837,0.00376906641758978
10838,0.000719496980309486
10839,0.00983479991555214
10849,0.0111193647608161
10851,0.0177666712552309
10853,0.0172128900885582
10857,0.00114124652463943
10859,0.0261754039674997
10860,0.00222434988245368
10862,0.0202782563865185
10863,0.00197295169346035
10868,0.0103071322664618
10870,0.0179487783461809
10872,0.178540021181107
10876,0.00366732757538557
10877,0.00851952005177736
10879,0.0019811240490526
10881,0.00906424596905708
10884,0.0136851845309138
10891,0.00635787472128868
10903,0.00292638945393264
10906,0.0052331960760057
10910,0.00123441987670958
10918,0.0152746215462685
10921,0.00439045811071992
10932,0.204948827624321
10933,0.00321646290831268
10935,0.0161153748631477
10936,0.30707123875618
10944,0.00526652252301574
10957,0.00325770047493279
10960,0.492121875286102
10966,0.00553265865892172
10969,0.00959924608469009
10971,0.274802416563034
10973,0.00617184583097696
10980,0.0254601314663887
10982,0.0115076340734959
10983,0.0092906728386879
10987,0.240357488393784
10992,0.0113819781690836
10998,0.00631188508123159
11002,0.00322095328010619
11003,0.00297294557094574
11007,0.021762678399682
11008,0.0197195373475552
11012,0.275185108184814
11014,0.0015281840460375
11015,0.46839365363121
11016,0.00225202739238739
11019,0.170308396220207
11026,0.197024717926979
11028,0.00152377039194107
11030,0.00363098923116922
11035,0.103772267699242
11040,0.00246104435063899
11047,0.0194286927580833
11051,0.00351029378362
11053,0.00277671637013555
11055,0.0250235423445702
11057,0.00125136505812407
11059,0.00209770863875747
11061,0.254366606473923
11062,0.00313389417715371
11063,0.00230247620493174
11066,0.001250751898624
11067,0.0106080425903201
11069,0.00362697709351778
11071,0.00697744730859995
11074,0.172769039869308
11080,0.00149735959712416
11084,0.000535327766556293
11087,0.0147156231105328
11088,0.000817831954918802
11089,0.00412172079086304
11090,0.000698812829796225
11095,0.00859808921813965
11105,0.00685937143862248
11110,0.00125473609659821
11114,0.0131668988615274
11120,0.51896607875824
11123,0.00884271040558815
11125,0.00548056606203318
11135,0.0112176509574056
11136,0.00289516034536064
11142,0.0322704054415226
11147,0.773826420307159
11150,0.00588409416377544
11154,0.0191828105598688
11161,0.0392652526497841
11162,0.031152531504631
11163,0.00192437204532325
11168,0.0063618253916502
11174,0.0808510556817055
11179,0.0132206315174699
11181,0.0123941637575626
11185,0.0120518486946821
11186,0.00486786756664515
11188,0.562128126621246
11191,0.00351453968323767
11193,0.483937650918961
11204,0.0083109512925148
11212,0.0941203013062477
11213,0.0106334257870913
11214,0.148908197879791
11217,0.342694729566574
11218,0.00615736749023199
11219,0.004927649628371
11221,0.286145359277725
11226,0.00897719524800777
11230,0.00555902766063809
11231,0.0894842222332954
11233,0.0047218594700098
11243,0.073125883936882
11245,0.0121811190620065
11247,0.00255588442087173
11248,0.0323303528130054
11258,0.0301264692097902
11259,0.000516423373483121
11269,0.346261650323868
11270,0.00360420043580234
11272,0.00461745960637927
11279,0.000554621045012027
11280,0.0231843292713165
11284,0.000756084045860916
11286,0.0010011246195063
11289,0.000691802182700485
11294,0.00589835317805409
11296,0.00185252667870373
11297,0.305784374475479
11300,0.00787839852273464
11301,0.00279821385629475
11307,0.007271115668118
11312,0.0011287615634501
11314,0.000782985764089972
11319,0.00213354756124318
11322,0.0038861152715981
11323,0.240678980946541
11326,0.00186943437438458
11327,0.000483348674606532
11328,0.000609514070674777
11331,0.000578373961616308
11336,0.579911828041077
11340,0.172872200608253
11347,0.00943257287144661
11348,0.000804001640062779
11349,0.237611025571823
11350,0.0213800985366106
11352,0.694744944572449
11353,0.00076870562043041
11358,0.00418791733682156
11362,0.0270563140511513
11371,0.0031322306022048
11373,0.0412556976079941
11377,0.278138339519501
11385,0.00118898483924568
11393,0.0156270191073418
11395,0.000412073888583109
11396,0.0036559347063303
11397,0.00121858669444919
11398,0.0207978207617998
11399,0.00963770691305399
11400,0.00365614145994186
11406,0.0325166173279285
11408,0.00172524398658425
11414,0.0102315125986934
11415,0.450653582811356
11418,0.018476827070117
11420,0.0174466446042061
11422,0.495463073253632
11423,0.00635318318381906
11427,0.00174748536664993
11429,0.0164319686591625
11430,0.0125052472576499
11433,0.00115733314305544
11445,0.00833741016685963
11446,0.00309335556812584
11455,0.231972143054009
11457,0.00320311961695552
11463,0.0144065003842115
11469,0.00940863322466612
11470,0.00673239212483168
11476,0.00924873352050781
11478,0.0201959740370512
11479,0.0140811922028661
11480,0.00827582366764545
11487,0.144936695694923
11488,0.00672646425664425
11489,0.00243839994072914
11499,0.0453875958919525
11503,0.0174153987318277
11511,0.367340117692947
11513,0.00105459149926901
11514,0.00295036495663226
11516,0.184267178177834
11517,0.199986591935158
11518,0.00594590371474624
11520,0.312642991542816
11523,0.00546362064778805
11527,0.504822373390198
11528,0.0166294295340776
11531,0.00303457607515156
11533,0.00105213851202279
11537,0.0069162561558187
11542,0.0117590092122555
11543,0.0042224251665175
11546,0.00214072479866445
11547,0.405480027198792
11549,0.000617722398601472
11551,0.0165380537509918
11557,0.0022338479757309
11563,0.0293764248490334
11564,0.00427626492455602
11568,0.00339227146469057
11572,0.00482220109552145
11579,0.00758716184645891
11580,0.00449823448434472
11581,0.0143498592078686
11583,0.0155549617484212
11587,0.00111048540566117
11589,0.00586460717022419
11591,0.114222772419453
11592,0.00152604724280536
11595,0.00542920362204313
11597,0.535203695297241
11599,0.00676090782508254
11600,0.00772725651040673
11601,0.00225466676056385
11602,0.00913214217871428
11603,0.00407769437879324
11604,0.00376095692627132
11606,0.0109722940251231
11619,0.377176284790039
11623,0.575711786746979
11625,0.0123227564617991
11637,0.0039383745752275
11638,0.0141042340546846
11649,0.00137746043037623
11652,0.00485107116401196
11653,0.00441239587962627
11654,0.109342910349369
11657,0.0128976022824645
11658,0.0012961111497134
11662,0.000682454789057374
11665,0.00454375799745321
11669,0.00182025670073926
11673,0.000898776517715305
11676,0.00260907155461609
11677,0.00688921334221959
11680,0.00200160662643611
11682,0.00374617334455252
11696,0.00603730091825128
11710,0.00487204361706972
11711,0.00708364183083177
11712,0.548739194869995
11721,0.000891888630576432
11723,0.00113110698293895
11725,0.00839419849216938
11732,0.000427044025855139
11733,0.130089372396469
11739,0.0118524394929409
11740,0.473079144954681
11741,0.339029908180237
11742,0.0059370999224484
11744,0.00577327096834779
11747,0.00463106110692024
11749,0.00338106346316636
11752,0.00337005732581019
11754,0.000845651840791106
11757,0.0052996720187366
11762,0.00159817805979401
11764,0.464695036411285
11767,0.00929833017289639
11770,0.0107960198074579
11774,0.00915519800037146
11777,0.019161170348525
11780,0.0729724615812302
11790,0.00502718053758144
11794,0.0351773463189602
11795,0.00577728496864438
11796,0.00996118504554033
11798,0.00898334849625826
11806,0.0434622578322887
11807,0.0117706907913089
11810,0.00419285800307989
11812,0.00310669792816043
11833,0.00309915468096733
11838,0.0683026909828186
11843,0.00204067886807024
11844,0.0108615960925817
11845,0.00621949741616845
11846,0.00185369187965989
11848,0.0425649061799049
11849,0.172199755907059
11853,0.208347007632256
11858,0.00206199660897255
11862,0.000639998528640717
11864,0.37628772854805
11867,0.199307903647423
11873,0.00739645725116134
11876,0.00297830277122557
11878,0.00129826716147363
11879,0.00060364929959178
11880,0.00124821462668479
11881,0.000283667992334813
11883,0.00376139138825238
11884,0.0188564881682396
11885,0.000572556396946311
11886,0.000444288889411837
11888,0.000879589060787112
11889,0.00983841344714165
11892,0.000345587468473241
11894,0.000925205938983709
11896,0.000822418427560478
11900,0.000644031679257751
11912,0.00612168153747916
11913,0.000650208967272192
11914,0.0051196813583374
11916,0.00111632363405079
11917,0.00106012623291463
11918,0.000263245106907561
11920,0.000747103593312204
11923,0.00246289116330445
11925,0.00130988820455968
11930,0.0114898392930627
11936,0.0271851401776075
11938,0.00254573090933263
11943,0.152182027697563
11945,0.0010636739898473
11948,0.00174697651527822
11954,0.000640962040051818
11955,0.00101794116199017
11959,0.000660166493616998
11960,0.00121086521539837
11962,0.00026866132975556
11965,0.00066546635935083
11977,0.000927661138121039
11979,0.00464733503758907
11981,0.000562388740945607
11983,0.00148447987157851
11985,0.00458658440038562
11990,0.0014549846528098
11991,0.00124697468709201
11992,0.000811628880910575
11993,0.00322947627864778
11994,0.00885585974901915
11995,0.00165632157586515
11996,0.00475594680756331
12000,0.00326520134694874
12002,0.00064039567951113
12004,0.00170936319045722
12008,0.00411410816013813
12015,0.000407809420721605
12023,0.000669565517455339
12025,0.000973697344306856
12027,0.0050740516744554
12036,0.00067583448253572
12045,0.00309341307729483
12048,0.000867075868882239
12050,0.00258860597386956
12053,0.000503257149830461
12055,0.00294427922926843
12056,0.00666223792359233
12058,0.00129456713330001
12059,0.000955800642259419
12062,0.00379768339917064
12064,0.00407390482723713
12065,0.000746552366763353
12067,0.00439948216080666
12069,0.000563053297810257
12076,0.000688396103214473
12082,0.00100827333517373
12091,0.006747264880687
12092,0.00544126937165856
12097,0.00667464127764106
12099,0.00152049399912357
12101,0.00149735121522099
12102,0.00103395630139858
12106,0.000959277909714729
12118,0.00827470049262047
12119,0.000581240921746939
12121,0.000702453195117414
12128,0.000866203743498772
12137,0.0019311779178679
12139,0.000614854216109961
12141,0.00936387944966555
12142,0.000811494304798544
12147,0.000603791093453765
12156,0.000916816759854555
12160,0.428135693073273
12161,0.00120974460151047
12162,0.00137223280034959
12163,0.000633318850304931
12165,0.000616454344708473
12166,0.00119620689656585
12169,0.000725223391782492
12171,0.0016811122186482
12174,0.00294338632375002
12178,0.271901398897171
12181,0.000691387336701155
12189,0.000780818983912468
12193,0.000926741922739893
12195,0.00195624586194754
12200,0.00111684808507562
12211,0.000607681344263256
12222,0.00141822418663651
12224,0.00131928792688996
12232,0.000639740552287549
12233,0.00238725007511675
12239,0.000870278629008681
12241,0.000422310578869656
12248,0.436157733201981
12249,0.00518358126282692
12251,0.373398572206497
12254,0.00632267259061337
12257,0.00142268207855523
12267,0.0041502146050334
12272,0.00179930659942329
12273,0.00671814754605293
12274,0.00336308195255697
12275,0.00618829019367695
12277,0.215631529688835
12279,0.000414367619669065
12292,0.00104406161699444
12293,0.00669438578188419
12294,0.00727732153609395
12295,0.00424735108390451
12297,0.00516426842659712
12311,0.0029160063713789
12312,0.0113819949328899
12320,0.0124526442959905
12321,0.174109131097794
12322,0.0141683761030436
12324,0.34276083111763
12331,0.0194272492080927
12335,0.00798866711556912
12337,0.00565137295052409
12339,0.00671925535425544
12352,0.00188153306953609
12354,0.00252696732059121
12356,0.00149468495510519
12359,0.0304346363991499
12361,0.00129090598784387
12362,0.00399730214849114
12363,0.05704665184021
12366,0.00440214388072491
12367,0.00389291951432824
12368,0.00500960228964686
12370,0.00531450333073735
12375,0.0106840757653117
12376,0.0271143466234207
12378,0.0125472480431199
12380,0.00537252705544233
12381,0.00444164592772722
12383,0.0135826859623194
12384,0.0176649317145348
12389,0.00613102177157998
12393,0.00318766897544265
12395,0.0355132706463337
12402,0.0164205506443977
12404,0.00302221952006221
12410,0.00345727056264877
12412,0.00346921617165208
12414,0.00509797036647797
12415,0.00329806958325207
12417,0.0013468952383846
12419,0.00117311521898955
12424,0.00236754375509918
12425,0.00343884248286486
12426,0.0512254685163498
12427,0.00871817301958799
12429,0.0129434205591679
12430,0.459139227867127
12434,0.00139157462399453
12439,0.00367516023106873
12440,0.00269098463468254
12441,0.00304354354739189
12449,0.0202062502503395
12450,0.0436570532619953
12455,0.015212525613606
12459,0.203521504998207
12462,0.00819014851003885
12463,0.00716663524508476
12471,0.0112443380057812
12472,0.00578102469444275
12474,0.0248202420771122
12476,0.00620670476928353
12478,0.0469530336558819
12493,0.00923016481101513
12494,0.00843965075910091
12495,0.234725475311279
12499,0.0347647443413734
12505,0.00133659178391099
12511,0.0103674670681357
12516,0.00403991155326366
12525,0.00872284360229969
12526,0.0289423502981663
12534,0.160255312919617
12535,0.223362997174263
12536,0.0204690881073475
12538,0.0211079586297274
12539,0.0259020291268826
12540,0.0436930730938911
12543,0.0119440415874124
12548,0.0136855123564601
12549,0.0043027657084167
12550,0.0218450967222452
12554,0.00475305877625942
12557,0.0163000002503395
12558,0.0195215661078691
12559,0.0346002317965031
12564,0.0106636025011539
12566,0.0235584825277329
12572,0.101550348103046
12574,0.0139837833121419
12575,0.220827460289001
12577,0.00923038646578789
12578,0.00442089838907123
12580,0.00594316469505429
12581,0.0173281896859407
12585,0.532584726810455
12589,0.583734095096588
12591,0.0196599047631025
12596,0.00236202240921557
12597,0.0684240758419037
12600,0.00531527493149042
12607,0.00465627014636993
12610,0.0212736576795578
12611,0.0112575413659215
12619,0.00675931014120579
12620,0.00632394896820188
12621,0.00340721104294062
12625,0.0128878690302372
12629,0.0088705625385046
12630,0.0309376586228609
12632,0.00844420958310366
12633,0.0103714652359486
12636,0.44965523481369
12643,0.024074349552393
12648,0.255927562713623
12653,0.0102126831188798
12655,0.0130825079977512
12658,0.105876736342907
12662,0.111839137971401
12670,0.100691825151443
12671,0.10868214815855
12675,0.0414120815694332
12677,0.00876706279814243
12680,0.23454087972641
12686,0.104241110384464
12690,0.288521528244019
12691,0.00134099193383008
12692,0.0486319735646248
12696,0.00248266058042645
12703,0.0095136696472764
12704,0.671996831893921
12711,0.0875464528799057
12712,0.0318988412618637
12714,0.0331947021186352
12717,0.0322966612875462
12720,0.0232588946819305
12721,0.0165839288383722
12724,0.00181799777783453
12733,0.0161997862160206
12746,0.132706090807915
12748,0.0422561392188072
12750,0.000986619503237307
12753,0.217045739293098
12755,0.00738868303596973
12758,0.0175212919712067
12762,0.00105084315873683
12764,0.00199003354646266
12765,0.109347075223923
12768,0.00187628564890474
12774,0.00523077137768269
12775,0.105614483356476
12783,0.0248826537281275
12788,0.0808133780956268
12791,0.0134660517796874
12792,0.102672815322876
12796,0.644662916660309
12807,0.0256024934351444
12813,0.0035870096180588
12814,0.0207941699773073
12821,0.00135935039725155
12825,0.20328263938427
12826,0.0923795849084854
12834,0.0498405508697033
12835,0.0216850992292166
12837,0.00975578650832176
12842,0.00278644450008869
12843,0.063014954328537
12847,0.0120549667626619
12850,0.171514138579369
12853,0.00671605113893747
12854,0.0384415350854397
12859,0.0219838712364435
12860,0.00186538510024548
12862,0.00675142602995038
12863,0.248716488480568
12866,0.0815592184662819
12879,0.0152971865609288
12883,0.634187281131744
12884,0.0253832247108221
12885,0.0937053114175797
12891,0.639083743095398
12894,0.0174180511385202
12900,0.544893085956574
12901,0.118961587548256
12902,0.0316094681620598
12904,0.0238286387175322
12905,0.0109032019972801
12909,0.023077305406332
12913,0.0259700194001198
12920,0.00528042716905475
12924,0.0182755086570978
12926,0.0137334307655692
12928,0.00414966698735952
12931,0.109156422317028
12937,0.00140335608739406
12941,0.0678324922919273
12944,0.0125419432297349
12945,0.0345967598259449
12947,0.00183399894740433
12949,0.162148430943489
12951,0.00307723577134311
12957,0.0946341827511787
12958,0.00884433649480343
12961,0.0181848220527172
12970,0.0296893380582333
12974,0.00388167658820748
12981,0.042243767529726
12984,0.0778206661343575
12985,0.173564657568932
12987,0.410780847072601
12988,0.00683486415073276
12991,0.00578779773786664
12997,0.0116563672199845
13002,0.0478965304791927
13021,0.037477258592844
13022,0.00161593209486455
13033,0.0401470735669136
13041,0.00252841738983989
13042,0.0141218295320869
13046,0.0322155170142651
13053,0.0471469983458519
13055,0.158254250884056
13062,0.0149862766265869
13066,0.0469928979873657
13074,0.00505040027201176
13076,0.101392276585102
13082,0.0356216579675674
13094,0.00150693627074361
13098,0.0254849288612604
13100,0.0705996006727219
13101,0.0370374992489815
13102,0.00900020822882652
13105,0.388716578483582
13109,0.0123711479827762
13112,0.133132070302963
13113,0.00792946759611368
13114,0.0127902124077082
13117,0.0149305462837219
13118,0.0133765777572989
13119,0.0665463283658028
13120,0.0338949710130692
13122,0.00502562336623669
13123,0.00353538407944143
13124,0.113810382783413
13127,0.13225731253624
13128,0.00430466188117862
13136,0.0436484329402447
13139,0.00238350336439908
13145,0.0823597609996796
13149,0.0109582943841815
13150,0.143692865967751
13151,0.063788965344429
13153,0.0422195456922054
13155,0.0299857296049595
13157,0.0218396168202162
13159,0.0417986735701561
13161,0.0258870776742697
13166,0.113782934844494
13175,0.618343532085419
13185,0.0354661643505096
13188,0.0212498810142279
13189,0.0109587758779526
13197,0.00774702103808522
13201,0.0572212189435959
13202,0.624414443969727
13203,0.0449929386377335
13209,0.0257579386234283
13216,0.437917441129684
13218,0.017729613929987
13224,0.0155764650553465
13225,0.104878820478916
13226,0.00274044019170105
13228,0.515945792198181
13229,0.510910928249359
13230,0.118220716714859
13231,0.0446384027600288
13232,0.0247616767883301
13235,0.00211085472255945
13238,0.0286615826189518
13239,0.00240442855283618
13242,0.0945087745785713
13247,0.0339202843606472
13249,0.010123404674232
13262,0.230617240071297
13263,0.00726070813834667
13264,0.00623242883011699
13268,0.0112157091498375
13270,0.0666080266237259
13274,0.074561782181263
13277,0.0910370498895645
13278,0.0277835708111525
13280,0.0484604611992836
13281,0.00193331413902342
13282,0.0197632946074009
13304,0.0250813495367765
13305,0.0913029462099075
13307,0.0650061368942261
13312,0.00137421942781657
13317,0.00855473056435585
13318,0.619307160377502
13319,0.00745381787419319
13327,0.0153789026662707
13329,0.00298257661052048
13330,0.0424340441823006
13336,0.0014697298174724
13341,0.0385790728032589
13342,0.00682463357225061
13344,0.0101714627817273
13345,0.00489736348390579
13349,0.170193508267403
13353,0.0195361115038395
13354,0.0603154003620148
13356,0.00993199087679386
13357,0.00430968217551708
13358,0.605895161628723
13361,0.00994776375591755
13362,0.0404245294630528
13363,0.0213456749916077
13366,0.0510553903877735
13381,0.345121800899506
13384,0.0249701589345932
13387,0.00834973156452179
13389,0.0156298074871302
13390,0.00863558892160654
13394,0.030398603528738
13399,0.505137741565704
13406,0.0214915350079536
13407,0.094941258430481
13409,0.0204099882394075
13412,0.0134120741859078
13413,0.0464977808296681
13423,0.027466518804431
13426,0.003335140645504
13430,0.00582150183618069
13432,0.0360958203673363
13433,0.00216172845102847
13434,0.074026420712471
13435,0.01594846136868
13437,0.00261220918036997
13439,0.0374695099890232
13447,0.0150556406006217
13455,0.0417827852070332
13457,0.0331602282822132
13458,0.0015871177893132
13464,0.0532293803989887
13466,0.0594217553734779
13467,0.644957184791565
13470,0.0795762836933136
13471,0.00943177565932274
13472,0.0102724218741059
13483,0.00943963788449764
13488,0.00486822333186865
13493,0.054877545684576
13494,0.0291730593889952
13495,0.173032730817795
13496,0.0022397565189749
13500,0.0275442786514759
13501,0.0715601742267609
13503,0.0188688933849335
13505,0.0755732133984566
13508,0.0152955567464232
13514,0.0114136468619108
13515,0.0759882032871246
13516,0.0192675776779652
13518,0.0113170081749558
13519,0.0100288409739733
13521,0.00692895893007517
13527,0.395882666110992
13529,0.0195970200002193
13532,0.557662725448608
13533,0.515763878822327
13534,0.0267136450856924
13536,0.0458397679030895
13542,0.669495940208435
13548,0.00419540563598275
13549,0.00286781997419894
13554,0.0229455661028624
13555,0.00177668838296086
13556,0.00406000670045614
13557,0.0228957962244749
13558,0.0204050187021494
13560,0.0205418542027473
13562,0.0129486173391342
13564,0.132080003619194
13567,0.0481847412884235
13568,0.0414053350687027
13572,0.043250747025013
13575,0.295899599790573
13577,0.0361314713954926
13578,0.0167852770537138
13579,0.0393963530659676
13583,0.0161260757595301
13585,0.0642839595675468
13589,0.156671047210693
13590,0.0112841101363301
13593,0.582263648509979
13596,0.0867530182003975
13599,0.540223479270935
13617,0.0299110971391201
13621,0.0889942422509193
13629,0.00856104213744402
13634,0.0617595128715038
13635,0.0835165083408356
13637,0.114220067858696
13640,0.202291861176491
13642,0.0316047444939613
13644,0.0202984027564526
13662,0.00557270972058177
13664,0.00132021552417427
13665,0.00122484506573528
13671,0.00856033340096474
13672,0.0209694337099791
13673,0.00272875092923641
13676,0.000387264706660062
13677,0.00154254282824695
13678,0.0143487527966499
13680,0.00708656711503863
13684,0.0030613555572927
13686,0.151776343584061
13689,0.0360584445297718
13695,0.0115025797858834
13696,0.0750916376709938
13701,0.00262135872617364
13702,0.673900067806244
13711,0.0155984321609139
13712,0.00826196931302548
13714,0.0328197181224823
13718,0.0155406557023525
13722,0.580756723880768
13735,0.0261043701320887
13737,0.00582336494699121
13738,0.00408393470570445
13742,0.0119260074570775
13747,0.00983938854187727
13748,0.0419198833405972
13753,0.0356566719710827
13759,0.0477301925420761
13768,0.0589023306965828
13770,0.0271443370729685
13772,0.0225947387516499
13774,0.0151630640029907
13776,0.0644654184579849
13777,0.0733463764190674
13782,0.139979317784309
13787,0.018906619399786
13808,0.0020223141182214
13814,0.00314723863266408
13815,0.124192014336586
13819,0.0125830182805657
13820,0.00373928528279066
13823,0.0300329867750406
13824,0.0390637032687664
13832,0.299924939870834
13833,0.256098330020905
13834,0.0132952332496643
13835,0.122093975543976
13836,0.035063661634922
13837,0.0142766050994396
13842,0.0183459389954805
13843,0.0575882829725742
13849,0.0371697321534157
13851,0.0194660741835833
13856,0.118392542004585
13857,0.296714007854462
13860,0.300790727138519
13862,0.197364762425423
13863,0.0695592537522316
13866,0.0196197982877493
13868,0.416076898574829
13871,0.0850668102502823
13873,0.00414673797786236
13874,0.119127869606018
13876,0.0120282303541899
13881,0.0833845585584641
13882,0.11296670883894
13885,0.00926237553358078
13899,0.29217404127121
13903,0.0253858882933855
13904,0.185212925076485
13905,0.00867382064461708
13911,0.26350325345993
13915,0.503866076469421
13916,0.0200809817761183
13922,0.048988938331604
13923,0.121287748217583
13931,0.0108150765299797
13932,0.0271917562931776
13933,0.560253262519836
13934,0.213565796613693
13937,0.490289032459259
13939,0.030276644974947
13942,0.0303854923695326
13946,0.0226506143808365
13947,0.0070928642526269
13954,0.00741495797410607
13957,0.112015098333359
13958,0.0109652997925878
13959,0.0023299427703023
13962,0.0438738204538822
13963,0.0104759596288204
13974,0.0462700985372067
13975,0.0277156364172697
13977,0.0268337093293667
13978,0.0128568718209863
13981,0.00244101695716381
13983,0.0194211173802614
13985,0.0511118322610855
13987,0.690487384796143
13989,0.0073770466260612
13990,0.0331237688660622
13991,0.0379937216639519
13992,0.589521110057831
13995,0.0214445888996124
13996,0.0122336149215698
14000,0.0155112110078335
14002,0.00368894101120532
14003,0.00886782631278038
14009,0.0103294346481562
14010,0.0112355994060636
14016,0.00665740203112364
14022,0.0176805276423693
14032,0.0124378288164735
14034,0.59182071685791
14038,0.0349216014146805
14041,0.0179241914302111
14053,0.0182225704193115
14058,0.00362341688014567
14060,0.0116584599018097
14065,0.0369113199412823
14068,0.102581560611725
14069,0.0456684157252312
14074,0.0255091767758131
14075,0.0312934741377831
14078,0.591152012348175
14082,0.0310795791447163
14083,0.0482709892094135
14084,0.0157598443329334
14091,0.00287802633829415
14093,0.00571597693488002
14095,0.0114470906555653
14096,0.00857786182314158
14097,0.0129999723285437
14099,0.00781989470124245
14102,0.658524751663208
14123,0.00840610265731812
14124,0.00823336001485586
14125,0.0784283131361008
14126,0.014905677177012
14127,0.00555814197286964
14130,0.0137480730190873
14131,0.0318826474249363
14134,0.00345116411335766
14135,0.00282605201937258
14136,0.0591479949653149
14137,0.530137598514557
14138,0.0114378342404962
14144,0.0504024736583233
14147,0.0119298687204719
14153,0.563930869102478
14162,0.0354030095040798
14165,0.00183004525024444
14167,0.0171361602842808
14168,0.408786505460739
14171,0.0127045018598437
14175,0.0278030708432198
14180,0.0297143217176199
14181,0.0384206995368004
14184,0.045021865516901
14188,0.0441004186868668
14198,0.021338514983654
14202,0.00687098456546664
14213,0.0246538352221251
14214,0.0171131025999784
14216,0.0197523292154074
14223,0.598571181297302
14224,0.629031419754028
14226,0.0138798896223307
14231,0.0117952711880207
14232,0.028925308957696
14236,0.00905390735715628
14237,0.00673283217474818
14239,0.0157098192721605
14242,0.0307289566844702
14243,0.0182844791561365
14246,0.00199705106206238
14249,0.01182577945292
14251,0.0288659185171127
14257,0.00822162907570601
14261,0.00322059961035848
14264,0.0445340760052204
14265,0.027057034894824
14271,0.0183171704411507
14273,0.0109042506664991
14274,0.00709927128627896
14276,0.0109362490475178
14282,0.00933647807687521
14283,0.00326887192204595
14287,0.00855646934360266
14288,0.00333826965652406
14289,0.00365081103518605
14291,0.0936929285526276
14292,0.00712783774361014
14295,0.00790081545710564
14297,0.0206013284623623
14298,0.593670308589935
14307,0.00614735530689359
14313,0.00273878034204245
14319,0.036793876439333
14322,0.0236086584627628
14330,0.0070335753262043
14345,0.0156429447233677
14349,0.012511296197772
14355,0.385371863842011
14358,0.0386729724705219
14361,0.00936498120427132
14363,0.0557693094015122
14364,0.104514606297016
14367,0.00989872775971889
14369,0.00427767634391785
14372,0.0290460623800755
14379,0.0150409759953618
14384,0.528634548187256
14387,0.125903844833374
14388,0.168579682707787
14392,0.0937643498182297
14393,0.052795547991991
14406,0.00415527308359742
14410,0.011752056889236
14414,0.015130827203393
14416,0.0681854113936424
14420,0.0332491025328636
14427,0.053164079785347
14437,0.00690050050616264
14438,0.0311505030840635
14442,0.102591380476952
14443,0.0175763070583344
14444,0.00620830757543445
14450,0.0160065181553364
14451,0.683358073234558
14463,0.00620677229017019
14466,0.219293221831322
14468,0.0102809816598892
14471,0.00744405901059508
14473,0.16587907075882
14475,0.0248643271625042
14478,0.00168663752265275
14481,0.00218837964348495
14486,0.00528827775269747
14490,0.00593500351533294
14492,0.0309684108942747
14493,0.0363340079784393
14497,0.0122098457068205
14503,0.00189049658365548
14511,0.00190417992416769
14513,0.004662842489779
14521,0.00285756797529757
14524,0.00835013762116432
14527,0.0236308556050062
14528,0.0170301608741283
14529,0.0186761561781168
14532,0.0460681207478046
14533,0.103553101420403
14535,0.00800585653632879
14538,0.00820481404662132
14542,0.00200894684530795
14543,0.0120945675298572
14545,0.0117951212450862
14553,0.00475393421947956
14557,0.0580899938941002
14560,0.00576344784349203
14561,0.0843481123447418
14567,0.0210614651441574
14568,0.0187710225582123
14574,0.0502365529537201
14580,0.00295278429985046
14581,0.0221602581441402
14583,0.00372257153503597
14584,0.0119437929242849
14585,0.629148483276367
14588,0.0230177883058786
14590,0.00378421694040298
14597,0.0573792010545731
14601,0.0571030676364899
14602,0.0021165853831917
14603,0.011105845682323
14605,0.00785559881478548
14608,0.116980001330376
14616,0.0231526661664248
14618,0.0488341301679611
14622,0.0844218507409096
14624,0.148263931274414
14625,0.0397712700068951
14630,0.0150633649900556
14632,0.018482556566596
14634,0.0191805064678192
14638,0.00676077930256724
14648,0.00738388951867819
14649,0.582117915153503
14651,0.0777622535824776
14653,0.00470211775973439
14655,0.0177772510796785
14659,0.00159741810057312
14660,0.28022637963295
14662,0.037788163870573
14663,0.01336804125458
14665,0.00299841025844216
14667,0.00279650068841875
14671,0.00364387757144868
14672,0.168143197894096
14673,0.00960881169885397
14674,0.0191463436931372
14685,0.7661292552948
14686,0.696535170078278
14690,0.183071210980415
14693,0.00743535859510303
14695,0.0189818907529116
14702,0.00913186930119991
14703,0.0317466594278812
14706,0.0801552385091782
14708,0.100023664534092
14709,0.0137187773361802
14711,0.19549198448658
14713,0.0322465039789677
14715,0.012773466296494
14722,0.0144812613725662
14725,0.524325907230377
14728,0.224341258406639
14731,0.514826118946075
14732,0.0213609617203474
14740,0.299663126468658
14741,0.589313268661499
14743,0.00392526527866721
14749,0.566486895084381
14750,0.00438667880371213
14751,0.000870187883265317
14755,0.000700350268743932
14758,0.0138559052720666
14763,0.01117161847651
14764,0.0541857294738293
14769,0.00345682678744197
14777,0.0158277098089457
14778,0.0218795277178288
14783,0.099334828555584
14785,0.364172399044037
14787,0.537590503692627
14789,0.0425507873296738
14796,0.00352180143818259
14801,0.0328935496509075
14803,0.00834271870553494
14810,0.0389186255633831
14812,0.0324290134012699
14813,0.0341191068291664
14815,0.015853401273489
14817,0.150950416922569
14829,0.0102910008281469
14831,0.041161272674799
14837,0.00431702798232436
14841,0.0516491457819939
14843,0.0192703623324633
14845,0.0386773981153965
14847,0.00883687008172274
14851,0.00265700905583799
14852,0.0683356076478958
14853,0.00139230908825994
14861,0.0466461926698685
14863,0.045068696141243
14865,0.014538025483489
14867,0.0420625060796738
14868,0.0468194037675858
14874,0.0435844659805298
14875,0.0124388998374343
14882,0.209262102842331
14886,0.0550978742539883
14889,0.438259899616241
14890,0.512567222118378
14891,0.177780494093895
14897,0.130490735173225
14898,0.0273466985672712
14901,0.0189530458301306
14902,0.215317234396935
14907,0.0155514273792505
14909,0.309473842382431
14910,0.0171255879104137
14912,0.0249858554452658
14925,0.0032217784319073
14926,0.00678869383409619
14927,0.0456285029649735
14929,0.208222165703774
14930,0.0332439355552197
14931,0.00565559463575482
14933,0.595401763916016
14937,0.0195959620177746
14939,0.607534289360046
14941,0.00240885000675917
14944,0.0357856415212154
14952,0.00219182763248682
14956,0.0878681689500809
14957,0.0122077008709311
14959,0.446775078773499
14963,0.0463770255446434
14973,0.761767148971558
14974,0.0024884429294616
14976,0.0640261620283127
14980,0.671123802661896
14987,0.272448897361755
14989,0.00909770559519529
14991,0.00129763665609062
14992,0.00491504184901714
14995,0.00133601587731391
14999,0.0192432776093483
15002,0.0306223891675472
15003,0.00135938986204565
15009,0.00271128257736564
15015,0.00549329770728946
15016,0.0021665298845619
15018,0.517438769340515
15020,0.00679909298196435
15022,0.019866930320859
15024,0.0349853038787842
15026,0.010366321541369
15029,0.0152601972222328
15031,0.023911640048027
15034,0.0173133295029402
15037,0.479300230741501
15038,0.00569369224831462
15041,0.0479185059666634
15044,0.001710738055408
15045,0.0028850631788373
15052,0.00285819009877741
15053,0.0465250797569752
15054,0.382375210523605
15057,0.0523450784385204
15058,0.0176365058869123
15063,0.0854295045137405
15064,0.00775070209056139
15065,0.00390451191924512
15066,0.0383802987635136
15069,0.0698257386684418
15070,0.00508328201249242
15072,0.0136996610090137
15073,0.00818490888923407
15082,0.0357247143983841
15090,0.00287510384805501
15097,0.396374493837357
15108,0.0412580482661724
15111,0.109270520508289
15112,0.0224470440298319
15116,0.0136661268770695
15125,0.0241744667291641
15128,0.0265684183686972
15130,0.156261280179024
15134,0.0623780786991119
15137,0.0218831337988377
15139,0.0068145701661706
15140,0.317568868398666
15142,0.156303405761719
15144,0.0297768488526344
15145,0.308165460824966
15150,0.591389358043671
15152,0.0783339664340019
15163,0.000738167495001108
15168,0.0716133564710617
15169,0.0258432365953922
15170,0.000624789681751281
15175,0.0661838725209236
15176,0.741914212703705
15178,0.323481857776642
15180,0.139460638165474
15182,0.0156085165217519
15184,0.0470575913786888
15185,0.00731184426695108
15187,0.0563562847673893
15193,0.464616805315018
15195,0.0398960970342159
15198,0.00196247012354434
15199,0.549968123435974
15203,0.0142133701592684
15204,0.109037473797798
15211,0.100022681057453
15234,0.0103564010933042
15239,0.528409123420715
15244,0.00260979146696627
15245,0.072126068174839
15248,0.0556168593466282
15258,0.0107574574649334
15262,0.00696828775107861
15264,0.518917620182037
15266,0.309602707624435
15267,0.066428616642952
15268,0.0219701025635004
15270,0.398526042699814
15271,0.0178936328738928
15282,0.0299337897449732
15285,0.00472867442294955
15288,0.387691676616669
15291,0.00244852947071195
15293,0.00774940336123109
15300,0.0105398073792458
15301,0.00968476664274931
15303,0.00157447054516524
15306,0.0447587445378304
15315,0.00933354534208775
15317,0.0184750407934189
15322,0.282828509807587
15325,0.0435157716274261
15327,0.00478536263108254
15329,0.0237661134451628
15348,0.0331881307065487
15349,0.0155216129496694
15350,0.0329552441835403
15356,0.00533536775037646
15359,0.15572015941143
15360,0.00870786886662245
15362,0.0040899571031332
15363,0.1740962266922
15365,0.284673184156418
15366,0.0126936137676239
15368,0.0139745101332665
15369,0.00810701679438353
15370,0.0908711478114128
15374,0.296872854232788
15376,0.0134815368801355
15380,0.0229154191911221
15381,0.0406146422028542
15383,0.0353951081633568
15384,0.000836685241665691
15391,0.0281504895538092
15396,0.0177333820611238
15401,0.041206244379282
15406,0.00261492235586047
15410,0.131563112139702
15411,0.0486260987818241
15415,0.0348313190042973
15421,0.00317242508754134
15425,0.00232070148922503
15426,0.0286638718098402
15430,0.307591021060944
15431,0.238992691040039
15437,0.0138184726238251
15438,0.00552769191563129
15439,0.320261836051941
15440,0.506472766399384
15442,0.000430691696237773
15444,0.0874309539794922
15454,0.0015230638673529
15456,0.466128349304199
15457,0.03226013854146
15459,0.00422593299299479
15461,0.0336599424481392
15466,0.0035606122110039
15479,0.0197005681693554
15480,0.565419137477875
15484,0.400684088468552
15485,0.0181907564401627
15488,0.163898542523384
15491,0.0177353359758854
15499,0.0125615950673819
15501,0.0172836296260357
15502,0.0105905504897237
15506,0.0165046229958534
15508,0.0213481429964304
15512,0.00903519708663225
15523,0.48762235045433
15536,0.0142276352271438
15537,0.0330867320299149
15539,0.00901756063103676
15541,0.0362519696354866
15545,0.082936629652977
15547,0.0145638436079025
15550,0.0027255981694907
15552,0.00499018095433712
15554,0.174605995416641
15558,0.0150152901187539
15562,0.00826139561831951
15564,0.00449911644682288
15565,0.187834531068802
15567,0.00220555998384953
15570,0.00225029001012445
15574,0.00659943697974086
15580,0.000964760780334473
15586,0.0317181870341301
15592,0.0132607286795974
15602,0.0085959592834115
15603,0.0196539424359798
15606,0.231904566287994
15607,0.0360309630632401
15608,0.00583335850387812
15610,0.0487000159919262
15612,0.120839662849903
15613,0.00159931206144393
15614,0.000541256100405008
15619,0.0354565568268299
15620,0.00340641429647803
15621,0.028056163340807
15624,0.0898492112755776
15626,0.0356176048517227
15631,0.0490281321108341
15636,0.0191290695220232
15639,0.0400253124535084
15643,0.531476378440857
15646,0.132643133401871
15647,0.00824680086225271
15648,0.0211902894079685
15649,0.00471392646431923
15650,0.00128591281827539
15652,0.0123460683971643
15654,0.318289428949356
15655,0.00623541511595249
15657,0.0319178178906441
15659,0.0647606775164604
15660,0.473337173461914
15661,0.00487789371982217
15663,0.00508439633995295
15664,0.00998783111572266
15668,0.00338363833725452
15670,0.0231262370944023
15671,0.00776796415448189
15673,0.0291683711111546
15681,0.00121640774887055
15683,0.0127042615786195
15684,0.0113236783072352
15687,0.494091838598251
15690,0.0190509483218193
15692,0.546418309211731
15693,0.466836750507355
15701,0.0015260943910107
15705,0.0180927906185389
15707,0.0285054016858339
15710,0.000748185848351568
15711,0.0113408230245113
15712,0.00522201275452972
15713,0.0486535020172596
15715,0.0128066297620535
15717,0.371228516101837
15718,0.164073154330254
15721,0.425095647573471
15723,0.430532097816467
15724,0.0453378520905972
15726,0.00501398649066687
15730,0.00281566637568176
15736,0.0221596378833056
15742,0.0188943725079298
15743,0.0185140389949083
15748,0.00174102501478046
15750,0.0361883006989956
15753,0.303833186626434
15755,0.217858716845512
15763,0.0185719095170498
15765,0.309519946575165
15777,0.0502996668219566
15778,0.0133896041661501
15779,0.000729426508769393
15787,0.0201505348086357
15798,0.0191012900322676
15805,0.0635162591934204
15806,0.0131832659244537
15808,0.0446860305964947
15811,0.0504439286887646
15818,0.403494536876678
15819,0.22867925465107
15823,0.0599070228636265
15824,0.621776401996613
15828,0.0342021957039833
15831,0.00419121980667114
15833,0.037153385579586
15834,0.112263850867748
15840,0.400768637657166
15850,0.00339156691916287
15853,0.328910678625107
15854,0.0022433300036937
15856,0.00692986464127898
15857,0.00161359820049256
15859,0.508178353309631
15861,0.56291538476944
15876,0.00296961748972535
15877,0.00138363847509027
15881,0.415041744709015
15883,0.0122507577762008
15887,0.00100024999119341
15900,0.0129127455875278
15901,0.000494192296173424
15907,0.335871905088425
15908,0.00502562802284956
15909,0.0184866059571505
15914,0.00504631223157048
15920,0.315764009952545
15922,0.0172228068113327
15923,0.0092290872707963
15928,0.0149481669068336
15932,0.00700696976855397
15933,0.552855372428894
15939,0.00918258540332317
15944,0.0149947619065642
15946,0.0482571050524712
15948,0.548552334308624
15949,0.00533495005220175
15950,0.00292255193926394
15955,0.0192472878843546
15959,0.0652356743812561
15964,0.0320577025413513
15968,0.00144171970896423
15969,0.344785332679749
15975,0.00769178150221705
15984,0.00282583036459982
15985,0.0412185303866863
15987,0.0035625733435154
15991,0.0193780399858952
15995,0.0201443675905466
15998,0.122584491968155
16003,0.0818329378962517
16004,0.000981122837401927
16007,0.0533283762633801
16009,0.0961670130491257
16017,0.0217137578874826
16018,0.217790201306343
16021,0.0104872500523925
16028,0.00111232814379036
16034,0.0037173863966018
16038,0.00964740198105574
16043,0.482691019773483
16047,0.00169881375040859
16049,0.0138254081830382
16053,0.065333716571331
16055,0.533664226531982
16057,0.00897563807666302
16059,0.0731619074940682
16065,0.0463583134114742
16066,0.000798859749920666
16070,0.0106397084891796
16071,0.288600862026215
16072,0.0204988345503807
16073,0.495801359415054
16077,0.0263499580323696
16084,0.0102185653522611
16085,0.067483589053154
16089,0.0153290238231421
16092,0.00380822084844112
16093,0.390176892280579
16095,0.0667093247175217
16101,0.336144983768463
16102,0.0421780608594418
16103,0.0676766708493233
16106,0.148076802492142
16107,0.00883948896080256
16111,0.0555343292653561
16114,0.00905217137187719
16117,0.0428261160850525
16128,0.0187447983771563
16132,0.029645498842001
16139,0.0127582689747214
16140,0.0136356605216861
16142,0.00721095176413655
16143,0.00315700005739927
16145,0.00218708789907396
16146,0.506037294864655
16147,0.00172809918876737
16149,0.000674210779834539
16150,0.038915541023016
16154,0.192825391888618
16157,0.0669699758291245
16159,0.0251762215048075
16166,0.00127053656615317
16171,0.00403165258467197
16180,0.556881964206696
16182,0.00208698492497206
16186,0.0113027449697256
16194,0.00652637192979455
16197,0.00491680530831218
16200,0.408618122339249
16205,0.00408475706353784
16214,0.001311524072662
16216,0.203816577792168
16218,0.00329833617433906
16219,0.0676426514983177
16222,0.00576977385208011
16223,0.0205877050757408
16229,0.00176892487797886
16232,0.0124630276113749
16233,0.104723803699017
16235,0.00657836301252246
16239,0.00811457447707653
16240,0.133059620857239
16247,0.0186012852936983
16249,0.0515974573791027
16262,0.00131216761656106
16264,0.0127790970727801
16271,0.00445760693401098
16272,0.174097165465355
16282,0.079365611076355
16283,0.0296980123966932
16285,0.0378857888281345
16286,0.011955589056015
16288,0.237618803977966
16290,0.0632068142294884
16297,0.00185554556082934
16300,0.109285205602646
16304,0.0350207798182964
16306,0.000772815081290901
16307,0.0147169111296535
16308,0.00211759586818516
16311,0.01026158221066
16312,0.379017233848572
16313,0.208948686718941
16314,0.578504383563995
16316,0.00507290102541447
16318,0.0625952407717705
16322,0.0259852204471827
16323,0.0215034559369087
16325,0.0464166551828384
16326,0.00165290618315339
16333,0.0289663150906563
16334,0.0208604522049427
16336,0.114205151796341
16341,0.0192764382809401
16345,0.0209616031497717
16347,0.0101938731968403
16350,0.00605171732604504
16351,0.0155390230938792
16354,0.00820551253855228
16355,0.0314629748463631
16359,0.0611154586076737
16360,0.323909878730774
16361,0.02390031889081
16363,0.0814993530511856
16365,0.0107920384034514
16366,0.0312023442238569
16368,0.0943251177668571
16369,0.0256749410182238
16371,0.0531405881047249
16372,0.0106702195480466
16374,0.0496229454874992
16375,0.00821541808545589
16383,0.0185296460986137
16390,0.0105206640437245
16391,0.578034579753876
16392,0.00201002159155905
16398,0.0142124481499195
16399,0.0324468687176704
16403,0.0915106236934662
16404,0.00104034773539752
16405,0.212519288063049
16407,0.416844576597214
16409,0.0380643606185913
16410,0.00176207686308771
16412,0.325513601303101
16413,0.00102650048211217
16414,0.0294939335435629
16419,0.183170512318611
16420,0.0252544432878494
16421,0.52815181016922
16425,0.384107679128647
16426,0.0718857795000076
16431,0.170430853962898
16437,0.00934921950101852
16440,0.0107909021899104
16445,0.472151696681976
16453,0.0431629158556461
16457,0.0454460009932518
16465,0.018528189510107
16467,0.0334612056612968
16471,0.711517751216888
16475,0.11650288105011
16479,0.158498510718346
16480,0.0506763942539692
16481,0.0212234575301409
16485,0.00459838146343827
16487,0.0623140372335911
16489,0.0101001402363181
16492,0.00967907533049583
16493,0.00246811914257705
16498,0.506757497787476
16500,0.522246956825256
16501,0.132449254393578
16503,0.00132667028810829
16511,0.0314376652240753
16513,0.0158633589744568
16523,0.0627264529466629
16530,0.0137858567759395
16532,0.34227928519249
16533,0.00901591219007969
16535,0.178329139947891
16537,0.02021424472332
16538,0.00300078722648323
16544,0.0104428678750992
16546,0.0753573328256607
16547,0.00180533563252538
16552,0.0433662161231041
16556,0.000971883942838758
16559,0.0121363140642643
16561,0.00535276019945741
16564,0.0317795462906361
16567,0.105534315109253
16569,0.00504685519263148
16574,0.0220357421785593
16580,0.0108934100717306
16581,0.00799451116472483
16586,0.0136231677606702
16587,0.0163392014801502
16600,0.00205369479954243
16604,0.0129916956648231
16607,0.0789791941642761
16616,0.0260815713554621
16622,0.00337722874246538
16628,0.14438995718956
16630,0.0541753023862839
16631,0.0131399193778634
16635,0.00169275293592364
16636,0.007447290699929
16642,0.126499503850937
16643,0.0133338896557689
16644,0.00869072135537863
16646,0.0141082741320133
16658,0.0141097260639071
16659,0.0122945662587881
16660,0.00837242137640715
16662,0.0435480251908302
16668,0.0491623878479004
16671,0.017649894580245
16676,0.0071869594976306
16677,0.0922238230705261
16678,0.0229118801653385
16680,0.000703164783772081
16682,0.0039482768625021
16685,0.0127876168116927
16689,0.0297977793961763
16691,0.0903667435050011
16692,0.0140703655779362
16696,0.00309642613865435
16698,0.0459864437580109
16702,0.00340175698511302
16705,0.0111515196040273
16707,0.0023782888893038
16713,0.547689557075501
16715,0.00717596104368568
16720,0.00256704376079142
16721,0.18053163588047
16728,0.029286740347743
16731,0.0174997411668301
16734,0.727672696113586
16738,0.00627333484590054
16739,0.00559309311211109
16740,0.0352140627801418
16742,0.00193014869000763
16749,0.0304279401898384
16750,0.003134147496894
16756,0.00510403467342258
16757,0.478732466697693
16769,0.141159221529961
16774,0.00243023526854813
16779,0.0939063802361488
16781,0.035212479531765
16784,0.150149330496788
16786,0.0293123461306095
16788,0.100873410701752
16789,0.012166490778327
16790,0.00942481029778719
16792,0.0364556573331356
16795,0.491927891969681
16798,0.0115473410114646
16800,0.00539192976430059
16805,0.0386329479515553
16807,0.0175258554518223
16810,0.251363307237625
16817,0.470648646354675
16818,0.0132884597405791
16823,0.0716526731848717
16827,0.652848958969116
16829,0.139763414859772
16832,0.0195717457681894
16833,0.0182791966944933
16839,0.115472756326199
16845,0.0102222841233015
16846,0.0100149651989341
16848,0.0312956497073174
16849,0.0230729952454567
16852,0.00206283386796713
16855,0.00322635727934539
16858,0.0335903093218803
16859,0.0570481419563294
16863,0.00703753624111414
16864,0.000552738842088729
16866,0.00168225052766502
16869,0.00817967392504215
16877,0.011896095238626
16881,0.00447790790349245
16885,0.0690488666296005
16886,0.220789700746536
16890,0.0078024473041296
16894,0.00438232207670808
16895,0.0317800976336002
16901,0.534694671630859
16902,0.478454679250717
16908,0.0424667224287987
16909,0.0167514476925135
16916,0.0355192013084888
16918,0.029512781649828
16928,0.102381691336632
16929,0.00989540480077267
16930,0.0103058097884059
16931,0.00296459440141916
16934,0.00196530856192112
16937,0.00281961052678525
16944,0.00993786845356226
16945,0.271839082241058
16954,0.0317594781517983
16959,0.000968799402471632
16961,0.336220413446426
16964,0.00525730522349477
16965,0.0021682376973331
16968,0.020564554259181
16974,0.00240596639923751
16978,0.06378573179245
16980,0.011184673756361
16981,0.00830385275185108
16984,0.0105929234996438
16994,0.0927400439977646
16998,0.00247860979288816
17000,0.00434325402602553
17003,0.0275237336754799
17005,0.106804765760899
17008,0.162285923957825
17011,0.00368852587416768
17020,0.0853622928261757
17021,0.00693471590057015
17022,0.00873530376702547
17024,0.148349419236183
17031,0.0328646786510944
17032,0.384762674570084
17035,0.0450535640120506
17037,0.0364082045853138
17038,0.0413038581609726
17039,0.0107992738485336
17050,0.00701574748381972
17056,0.0508356280624867
17057,0.0052242330275476
17063,0.181116029620171
17065,0.100762404501438
17067,0.0238488409668207
17074,0.0761337876319885
17081,0.0164316222071648
17084,0.226874738931656
17090,0.0215587224811316
17091,0.0148373423144221
17097,0.00921671278774738
17098,0.00521930633112788
17099,0.0127296401187778
17100,0.00756510952487588
17102,0.00141838635317981
17115,0.0269949119538069
17118,0.0202585235238075
17121,0.00345717510208488
17126,0.00191829877439886
17128,0.0891085118055344
17132,0.408013969659805
17133,0.0870668739080429
17136,0.000607694149948657
17138,0.00219181831926107
17145,0.00479576596990228
17148,0.0227210335433483
17155,0.00170156871899962
17157,0.00117303081788123
17163,0.00118684174958617
17165,0.001416772371158
17166,0.00234620762057602
17167,0.000942840066272765
17170,0.0198667198419571
17173,0.00342321651987731
17181,0.0609528049826622
17189,0.00259586493484676
17190,0.000942295009735972
17191,0.000829565862659365
17199,0.00142521853558719
17203,0.387248009443283
17205,0.0895770192146301
17206,0.0314022712409496
17207,0.0121001517400146
17210,0.00845048390328884
17216,0.00198704213835299
17217,0.00561751332134008
17219,0.00426802970468998
17222,0.000698780175298452
17227,0.315271437168121
17234,0.00364360772073269
17250,0.00535905733704567
17251,0.137638881802559
17253,0.00200677220709622
17258,0.0492684505879879
17268,0.00551609927788377
17274,0.0563738606870174
17275,0.00165726023260504
17278,0.00302066653966904
17280,0.447334259748459
17285,0.0306928418576717
17287,0.595685303211212
17295,0.00146239961031824
17297,0.00130076287314296
17298,0.0195195488631725
17299,0.0147907361388206
17301,0.00992729887366295
17302,0.0556796938180924
17303,0.000948147382587194
17306,0.051242645829916
17307,0.0217105615884066
17310,0.00371658126823604
17312,0.045270174741745
17314,0.0265644658356905
17316,0.000488700228743255
17321,0.00579195655882359
17322,0.00156815373338759
17323,0.00225624418817461
17325,0.00630447175353766
17327,0.0602196715772152
17329,0.00508969137445092
17335,0.030434088781476
17339,0.00143038481473923
17340,0.377484411001205
17341,0.00483910227194428
17342,0.146235674619675
17345,0.0609036758542061
17350,0.00320675573311746
17351,0.0033886106684804
17352,0.00358772207982838
17355,0.000744902994483709
17368,0.253403455018997
17371,0.13056892156601
17372,0.010802804492414
17375,0.0621786415576935
17378,0.021809509024024
17380,0.00136125274002552
17385,0.0949067249894142
17388,0.00558775709941983
17394,0.0336871817708015
17397,0.00336955930106342
17402,0.0355927012860775
17406,0.00881848763674498
17407,0.00460902089253068
17409,0.00250922236591578
17410,0.0158584024757147
17412,0.000829491182230413
17418,0.000496669672429562
17419,0.00475685205310583
17430,0.0203887969255447
17432,0.00845807418227196
17434,0.0251032039523125
17436,0.0123913390561938
17442,0.0192577857524157
17445,0.0391671471297741
17448,0.176833912730217
17449,0.00437858514487743
17450,0.153432324528694
17452,0.00266531761735678
17454,0.0266770031303167
17455,0.00212724856100976
17459,0.000790408870670945
17460,0.0493419766426086
17463,0.0258172079920769
17467,0.00469802459701896
17470,0.00265691941604018
17476,0.00151511467993259
17477,0.00213318504393101
17479,0.00774325430393219
17488,0.00692337332293391
17489,0.0334034562110901
17493,0.000391476933145896
17496,0.00756653072312474
17497,0.0161275211721659
17498,0.00534223206341267
17500,0.0204600710421801
17501,0.00591303873807192
17502,0.00126138585619628
17503,0.000398516887798905
17513,0.501892983913422
17514,0.00610622903332114
17522,0.0015192087739706
17525,0.0207955799996853
17526,0.00764357717707753
17530,0.00154740503057837
17531,0.0240585301071405
17533,0.00263407290913165
17534,0.0119107170030475
17535,0.00991819147020578
17539,0.0320164784789085
17540,0.00177605834323913
17542,0.0129304137080908
17543,0.00767945311963558
17549,0.000754390959627926
17557,0.00269344798289239
17558,0.63137274980545
17560,0.000899066915735602
17561,0.0018545804778114
17563,0.00201174034737051
17574,0.00893186591565609
17582,0.00254481076262891
17583,0.00647636037319899
17584,0.0069863498210907
17588,0.0385920852422714
17591,0.00558507116511464
17593,0.0239306855946779
17595,0.00294517958536744
17597,0.00208315509371459
17605,0.151667192578316
17608,0.00126936321612448
17616,0.0193792600184679
17619,0.00376899493858218
17623,0.00118669029325247
17624,0.00143434468191117
17625,0.0100309671834111
17626,0.00297562940977514
17629,0.019576869904995
17630,0.00401723943650723
17631,0.129282385110855
17632,0.126848161220551
17635,0.0458106026053429
17638,0.00868357624858618
17641,0.00438753888010979
17643,0.452446758747101
17649,0.124037139117718
17650,0.0956009104847908
17651,0.0780343636870384
17655,0.00524636404588819
17667,0.26773589849472
17669,0.0457406491041184
17673,0.00591556215658784
17678,0.0109269646927714
17679,0.153413474559784
17681,0.0379903316497803
17683,0.00294607155956328
17690,0.0205888822674751
17691,0.00248827482573688
17696,0.0151879722252488
17697,0.499609410762787
17701,0.0222247280180454
17702,0.0207310821861029
17713,0.132079556584358
17714,0.0619054324924946
17718,0.0304865390062332
17720,0.00158958369866014
17730,0.527344584465027
17736,0.421024471521378
17740,0.00114121451042593
17742,0.0406423360109329
17745,0.0026253410615027
17751,0.0324327610433102
17753,0.224682450294495
17754,0.0142094222828746
17758,0.00638282066211104
17763,0.144908666610718
17767,0.026402035728097
17769,0.00578592158854008
17775,0.00740040047094226
17779,0.00775622250512242
17780,0.0139140523970127
17782,0.0363922156393528
17785,0.0231238417327404
17786,0.00360686611384153
17788,0.000733422581106424
17789,0.0334026925265789
17792,0.0210066009312868
17798,0.0927260369062424
17802,0.010110042989254
17811,0.0049281264655292
17817,0.00516581675037742
17818,0.0539824962615967
17826,0.00459658121690154
17828,0.388443857431412
17829,0.0153094381093979
17835,0.041329562664032
17837,0.00386126688681543
17855,0.00123426993377507
17857,0.00265997904352844
17858,0.131786823272705
17863,0.00356790772639215
17865,0.00158326444216073
17866,0.00166556320618838
17869,0.0300194155424833
17874,0.514609217643738
17879,0.525673866271973
17881,0.57233738899231
17886,0.0592141710221767
17887,0.044233713299036
17894,0.00158023717813194
17895,0.00740057928487659
17896,0.0153493694961071
17903,0.00112063135020435
17904,0.445232689380646
17906,0.00565956486389041
17910,0.00369526981376112
17911,0.0595022812485695
17915,0.00108986545819789
17919,0.000992639572359622
17921,0.0570686906576157
17925,0.00296579254791141
17928,0.00214211153797805
17929,0.0585384853184223
17931,0.00738334469497204
17937,0.00450901128351688
17939,0.0535012818872929
17943,0.00312583800405264
17947,0.00328375864773989
17948,0.188013777136803
17954,0.000392787362216041
17956,0.00142310548108071
17958,0.00306620541960001
17960,0.00865854881703854
17965,0.00334409391507506
17966,0.0285463612526655
17968,0.00515133002772927
17969,0.0482760816812515
17973,0.00771401356905699
17974,0.0352657027542591
17975,0.0624046660959721
17977,0.00146546994801611
17980,0.00576711865141988
17985,0.00288934330455959
17986,0.12603959441185
17989,0.199254274368286
18001,0.155965536832809
18002,0.463339805603027
18004,0.00139982160180807
18006,0.624519109725952
18010,0.00170075974892825
18011,0.00403728941455483
18015,0.0118816550821066
18016,0.376266896724701
18020,0.00640987697988749
18025,0.00228174566291273
18033,0.00138848298229277
18038,0.00396523531526327
18039,0.152760624885559
18042,0.00744000496342778
18056,0.327345430850983
18057,0.00471859984099865
18064,0.00190268876031041
18077,0.00185034587047994
18078,0.0198012385517359
18088,0.0107554374262691
18093,0.00328583014197648
18099,0.00198716041631997
18100,0.00811699219048023
18101,0.000865137670189142
18102,0.000306806818116456
18106,0.00370656815357506
18108,0.00126993947196752
18111,0.63858300447464
18116,0.0192893948405981
18117,0.0266701523214579
18119,0.00193175696767867
18125,0.0054879910312593
18128,0.0044493256136775
18129,0.00489954138174653
18136,0.0462326258420944
18137,0.000966378604061902
18140,0.00861402880400419
18157,0.0723608806729317
18158,0.0105574205517769
18160,0.00710439216345549
18161,0.00503586744889617
18164,0.318100154399872
18166,0.395884245634079
18168,0.0192243177443743
18170,0.0130518469959497
18172,0.520137846469879
18177,0.0046778405085206
18178,0.0104374447837472
18179,0.00815784186124802
18187,0.000964091450441629
18197,0.0012891391525045
18198,0.00865936744958162
18202,0.0539572350680828
18206,0.00586447631940246
18213,0.0126481167972088
18214,0.0254079960286617
18216,0.000932139810174704
18221,0.0277437940239906
18225,0.0011835751356557
18227,0.00332967867143452
18229,0.030971871688962
18231,0.00203845137730241
18236,0.0369580648839474
18244,0.114559479057789
18247,0.000832048477604985
18251,0.000428449740866199
18255,0.000428828148869798
18256,0.000727220671251416
18259,0.0646501705050468
18261,0.00449330033734441
18262,0.00610028486698866
18264,0.000733046617824584
18268,0.00234080827794969
18274,0.000293493998469785
18282,0.00438888883218169
18284,0.00122680666390806
18288,0.00822047796100378
18289,0.00107421318534762
18290,0.00661302730441093
18292,0.00216778693720698
18295,0.000624687236268073
18296,0.000467132515041158
18302,0.000834178004879504
18304,0.00118161330465227
18311,0.265637576580048
18313,0.00207258644513786
18318,0.092786967754364
18320,0.326648414134979
18323,0.0317691899836063
18327,0.0209303125739098
18328,0.00033115895348601
18329,0.000627185974735767
18334,0.0136618847027421
18336,0.0248140450567007
18337,0.0685470700263977
18339,0.00180040241684765
18342,0.000325580767821521
18343,0.00528283743187785
18347,0.00378726725466549
18348,0.0982336029410362
18349,0.00098479341249913
18353,0.000883340428117663
18356,0.00110655126627535
18358,0.00064214674057439
18363,0.000737859809305519
18365,0.0106886737048626
18367,0.00307690515182912
18376,0.00460631772875786
18377,0.00303190853446722
18381,0.000681682548020035
18382,0.00107329152524471
18383,0.205992460250855
18384,0.00391326379030943
18388,0.00828772503882647
18391,0.00604913057759404
18397,0.00162629515398294
18399,0.00562199018895626
18402,0.0125455940142274
18404,0.0238099303096533
18405,0.00163534912280738
18408,0.00295569724403322
18409,0.00205113389529288
18411,0.394466757774353
18413,0.00193848554044962
18417,0.00335068465210497
18420,0.00076568074291572
18422,0.000634778523817658
18426,0.0527765825390816
18428,0.00374950794503093
18429,0.0903507471084595
18432,0.00502516562119126
18434,0.0012098184088245
18435,0.000579697079956532
18437,0.00115927937440574
18439,0.00200944487005472
18443,0.00527819618582726
18445,0.000688023574184626
18446,0.00146873784251511
18447,0.0010557611240074
18448,0.310032248497009
18450,0.00660347053781152
18459,0.00362026947550476
18462,0.0126913376152515
18470,0.000718004070222378
18471,0.00309183564968407
18478,0.00656918855383992
18479,0.0196963232010603
18480,0.15109558403492
18481,0.00716204568743706
18486,0.115921594202518
18487,0.00108442571945488
18489,0.00398827577009797
18494,0.0170627664774656
18497,0.441503971815109
18498,0.00985739286988974
18501,0.0411859974265099
18502,0.00228092819452286
18505,0.00211565312929451
18509,0.00303626572713256
18513,0.022873405367136
18516,0.000570284959394485
18517,0.384421557188034
18518,0.0723963379859924
18521,0.0922434628009796
18530,0.00263084936887026
18534,0.00380956311710179
18537,0.0396872982382774
18539,0.00174371222965419
18541,0.52044290304184
18542,0.0021530136000365
18545,0.00740328384563327
18546,0.366557240486145
18548,0.0114434594288468
18550,0.0118282372131944
18551,0.000499170215334743
18552,0.0064351293258369
18565,0.0148193556815386
18569,0.00708114402368665
18574,0.49464875459671
18577,0.00303741078823805
18578,0.0817771330475807
18583,0.0316462405025959
18592,0.000764099066145718
18599,0.000949041161220521
18601,0.000397844851249829
18603,0.000378302007447928
18607,0.000610594055615366
18613,0.000513136095833033
18616,0.00075204239692539
18618,0.000779459252953529
18619,0.000449662504252046
18620,0.00105500058270991
18624,0.000315873272484168
18626,0.615362882614136
18628,0.0405360646545887
18629,0.00118954631034285
18630,0.00602394761517644
18632,0.000918048375751823
18638,0.000501970527693629
18640,0.000755969143938273
18642,0.000942206010222435
18643,0.00225986773148179
18648,0.00221547251567245
18651,0.0433978959918022
18652,0.0256187580525875
18655,0.00996324885636568
18656,0.00224361708387733
18657,0.000638869823887944
18661,0.000316959572955966
18664,0.00257983896881342
18665,0.0356485396623611
18666,0.00572136975824833
18673,0.00444812001660466
18675,0.00642190780490637
18676,0.000782483723014593
18679,0.000365098938345909
18685,0.000688554893713445
18690,0.0603318996727467
18691,0.0023787640966475
18697,0.000331375282257795
18700,0.000780038128141314
18703,0.00228463369421661
18704,0.000535597268026322
18715,0.000687581428792328
18716,0.20187221467495
18720,0.00189240067265928
18723,0.00048044029972516
18733,0.395254284143448
18734,0.0404999814927578
18737,0.45361790060997
18738,0.0006035894039087
18743,0.00193624780513346
18744,0.223779514431953
18747,0.00175868906080723
18748,0.000716623559128493
18749,0.000792562146671116
18762,0.000743892102036625
18765,0.000374754163203761
18767,0.000552787852939218
18774,0.000620267121121287
18775,0.160552769899368
18777,0.147238612174988
18781,0.556176602840424
18783,0.000552682497072965
18790,0.00106161029543728
18795,0.000434808694990352
18796,0.000379665318178013
18798,0.00164064310956746
18799,0.000359795609256253
18800,0.000423234450863674
18801,0.394459277391434
18803,0.000672364025376737
18807,0.000756892550271004
18821,0.000351477152435109
18822,0.000713120854925364
18824,0.0673923343420029
18825,0.0159386247396469
18832,0.0158141385763884
18836,0.0789104029536247
18838,0.00425888597965241
18840,0.012055654078722
18842,0.0195746514946222
18846,0.388645768165588
18848,0.0865256860852242
18849,0.615179419517517
18850,0.07343440502882
18853,0.0869325697422028
18856,0.0222008880227804
18860,0.017145624384284
18867,0.114772871136665
18868,0.0946646109223366
18870,0.0695076584815979
18875,0.0235496163368225
18880,0.0218718647956848
18886,0.106862798333168
18887,0.0125433905050159
18891,0.087195910513401
18894,0.0281270351260901
18896,0.170107543468475
18898,0.107588849961758
18901,0.0174164604395628
18906,0.0284106452018023
18908,0.478271633386612
18910,0.130548417568207
18911,0.00181146676186472
18916,0.0268289521336556
18921,0.101177051663399
18922,0.0169874597340822
18925,0.0047549968585372
18929,0.150872319936752
18931,0.0547405704855919
18937,0.366257935762405
18938,0.0898312777280808
18940,0.0586773455142975
18941,0.00384675175882876
18947,0.0389781333506107
18951,0.0340658575296402
18960,0.0376386791467667
18964,0.0594649687409401
18970,0.0473695509135723
18974,0.0609977655112743
18975,0.00146152602974325
18976,0.121093302965164
18978,0.0534669682383537
18979,0.0763216018676758
18986,0.13534227013588
18987,0.538042306900024
18990,0.184071287512779
18994,0.629391491413117
18995,0.0144934952259064
18998,0.0376805737614632
19005,0.374535024166107
19015,0.0251882076263428
19017,0.240685731172562
19019,0.40691950917244
19020,0.0307646691799164
19026,0.0502611510455608
19028,0.0333152003586292
19030,0.0536031499505043
19036,0.0209459569305182
19038,0.523622632026672
19042,0.022860886529088
19044,0.108175568282604
19045,0.673862159252167
19055,0.0134533438831568
19060,0.0571499094367027
19061,0.621666252613068
19062,0.0815268829464912
19063,0.360336929559708
19066,0.0171034410595894
19072,0.0251167695969343
19074,0.129738599061966
19075,0.0365591458976269
19079,0.106854401528835
19081,0.0618931241333485
19084,0.0556203499436379
19089,0.0601282864809036
19091,0.0409137308597565
19098,0.00763166137039661
19100,0.453280776739121
19103,0.00449977023527026
19105,0.0807958245277405
19106,0.0226994715631008
19108,0.0474352985620499
19117,0.0104688387364149
19125,0.0225247219204903
19126,0.105184078216553
19129,0.38975527882576
19130,0.00289177475497127
19131,0.175832778215408
19133,0.0126025592908263
19135,0.616882145404816
19144,0.0873036608099937
19147,0.118693873286247
19152,0.0670021921396256
19153,0.317465335130692
19161,0.180457323789597
19164,0.0205417573451996
19177,0.118823081254959
19180,0.238428577780724
19183,0.0498383939266205
19184,0.230715304613113
19188,0.0132594620808959
19190,0.0162627622485161
19192,0.00739109609276056
19194,0.00342271686531603
19195,0.0378379672765732
19200,0.1402807533741
19202,0.673646926879883
19205,0.148213297128677
19210,0.108805395662785
19213,0.151012629270554
19214,0.013552532531321
19216,0.0356869027018547
19217,0.00528243882581592
19218,0.213327646255493
19221,0.0472350865602493
19223,0.0059393853880465
19224,0.0233341809362173
19226,0.0178933627903461
19227,0.00970400776714087
19235,0.0382549799978733
19236,0.0112981256097555
19248,0.0247754361480474
19250,0.445956230163574
19251,0.00775015586987138
19256,0.063283234834671
19258,0.0140245528891683
19259,0.0460947304964066
19260,0.208822965621948
19263,0.165347665548325
19266,0.159227192401886
19275,0.0139185143634677
19276,0.164644211530685
19286,0.537942826747894
19290,0.0122344391420484
19291,0.0275642685592175
19307,0.0149176698178053
19312,0.00241305655799806
19313,0.00633757933974266
19316,0.0478504709899426
19323,0.0114784231409431
19325,0.00983911938965321
19327,0.0461303219199181
19328,0.589211285114288
19330,0.0128719368949533
19331,0.179826468229294
19336,0.0244281757622957
19337,0.168747201561928
19338,0.00298384740017355
19339,0.0202242024242878
19341,0.287297338247299
19343,0.0493057072162628
19348,0.309916406869888
19350,0.0135742109268904
19352,0.00725300656631589
19356,0.0410846322774887
19365,0.156762078404427
19366,0.00360764912329614
19371,0.0855205431580544
19372,0.0273086745291948
19373,0.00562322977930307
19374,0.578296005725861
19376,0.00309227057732642
19377,0.0570836402475834
19383,0.02550352178514
19386,0.169760674238205
19387,0.0339929275214672
19389,0.0100874342024326
19390,0.0155967017635703
19391,0.149061173200607
19395,0.00381819577887654
19400,0.128769561648369
19410,0.0291576813906431
19411,0.00489387428388
19421,0.00129679648671299
19426,0.0110937030985951
19427,0.00586903747171164
19428,0.147385358810425
19433,0.00554692279547453
19436,0.0194851011037827
19437,0.0443431474268436
19439,0.0194633677601814
19441,0.0208780821412802
19442,0.0220644250512123
19445,0.566260397434235
19448,0.00514183985069394
19449,0.00295486836694181
19457,0.0139656951650977
19460,0.00603134976699948
19461,0.00262154452502728
19464,0.0100181140005589
19465,0.0757692605257034
19466,0.0269197653979063
19469,0.00849032308906317
19479,0.0116393603384495
19481,0.00269090151414275
19482,0.0864536687731743
19483,0.00234153657220304
19484,0.0461734533309937
19485,0.583972334861755
19494,0.00238407379947603
19495,0.0259573217481375
19496,0.179800778627396
19497,0.0243975017219782
19503,0.0757129117846489
19512,0.0135537888854742
19517,0.00441849185153842
19519,0.0142775774002075
19522,0.150746956467628
19531,0.0110205067321658
19534,0.00906205736100674
19545,0.010120733641088
19547,0.00854293722659349
19551,0.0322344042360783
19554,0.0214719083160162
19558,0.0144049301743507
19560,0.0108344731852412
19561,0.00455661304295063
19565,0.00834643095731735
19569,0.138214230537415
19570,0.00360982166603208
19572,0.020748607814312
19573,0.1443230509758
19575,0.00626359554007649
19578,0.0125885875895619
19583,0.0358144193887711
19584,0.013562467880547
19586,0.0203706566244364
19595,0.0747769698500633
19597,0.0763562992215157
19599,0.00875507481396198
19601,0.114377804100513
19603,0.0327422507107258
19610,0.0133354524150491
19612,0.015261622145772
19613,0.127998128533363
19615,0.311051398515701
19620,0.0462122522294521
19621,0.00269191013649106
19623,0.0275399666279554
19631,0.0333085544407368
19632,0.125405997037888
19633,0.0055540157482028
19636,0.0103700896725059
19639,0.0892470255494118
19643,0.0256085358560085
19644,0.0347152948379517
19647,0.0039565609768033
19649,0.00914087053388357
19650,0.0319422483444214
19657,0.0159430373460054
19658,0.0133159728720784
19666,0.0363807119429112
19668,0.302145004272461
19673,0.653371572494507
19675,0.0322240516543388
19676,0.0431691519916058
19682,0.0961745232343674
19684,0.633236765861511
19685,0.00565388146787882
19686,0.0417925789952278
19689,0.32188606262207
19690,0.0394964031875134
19691,0.654252767562866
19693,0.248043239116669
19697,0.0326262749731541
19698,0.225517675280571
19702,0.016396502032876
19706,0.0142994383350015
19707,0.00263790669851005
19715,0.0218445155769587
19717,0.072768859565258
19720,0.0257139652967453
19721,0.00904328282922506
19722,0.174958169460297
19723,0.0950832515954971
19724,0.101408883929253
19727,0.133603155612946
19737,0.20385867357254
19738,0.302707225084305
19739,0.010723683051765
19741,0.00992591120302677
19746,0.0188789926469326
19747,0.00654102489352226
19748,0.000681840756442398
19751,0.0125225409865379
19756,0.0148128345608711
19757,0.0215008463710547
19763,0.0129551468417048
19775,0.00295512122102082
19779,0.0166797526180744
19780,0.0308039579540491
19781,0.00289873871952295
19782,0.0192643031477928
19786,0.135199144482613
19789,0.00751804234459996
19790,0.00378776877187192
19797,0.0122775249183178
19798,0.0183678418397903
19800,0.0687671974301338
19801,0.0340452305972576
19802,0.0073861088603735
19803,0.0761664882302284
19805,0.00932259578257799
19806,0.00160686450544745
19814,0.113157205283642
19821,0.0137053178623319
19822,0.00613704230636358
19823,0.0426471903920174
19825,0.0523454919457436
19829,0.0027233271393925
19837,0.0048795398324728
19839,0.00394363841041923
19847,0.0228722281754017
19853,0.0764602944254875
19854,0.0987788140773773
19856,0.14426127076149
19858,0.0130390282720327
19860,0.00829500611871481
19863,0.0323585048317909
19871,0.0277412217110395
19872,0.13621786236763
19878,0.0208998266607523
19884,0.171425953507423
19886,0.00954224541783333
19894,0.204151555895805
19897,0.263897776603699
19901,0.0184016991406679
19907,0.00263130711391568
19911,0.0220487397164106
19912,0.021892786026001
19913,0.00327993859536946
19916,0.337817221879959
19923,0.550546407699585
19930,0.151902586221695
19932,0.00470749894157052
19935,0.00475958222523332
19936,0.0145587380975485
19942,0.0249886251986027
19948,0.015667038038373
19951,0.0398062504827976
19955,0.000696319853886962
19956,0.0567923933267593
19960,0.0075632412917912
19973,0.199309438467026
19974,0.00811703037470579
19976,0.00388533482328057
19977,0.00421041063964367
19980,0.00794604886323214
19981,0.183699280023575
19989,0.0125543093308806
19990,0.0135153038427234
19992,0.0101071046665311
19995,0.645454108715057
19996,0.381877064704895
19998,0.118523880839348
19999,0.0194722283631563
20000,0.00416945433244109
20006,0.0637049674987793
20012,0.100683510303497
20014,0.0221088044345379
20025,0.00485862791538239
20027,0.244689792394638
20029,0.159918546676636
20031,0.010053725913167
20038,0.108419068157673
20040,0.0582880862057209
20042,0.636392056941986
20043,0.645153760910034
20044,0.0794685408473015
20048,0.0594348907470703
20054,0.0269634444266558
20056,0.00462754117324948
20066,0.00333589548245072
20070,0.00119096226990223
20072,0.18107733130455
20074,0.0390387140214443
20076,0.00161841022782028
20079,0.013726101256907
20083,0.52437436580658
20085,0.045568011701107
20088,0.0207990761846304
20089,0.0103893335908651
20091,0.230291306972504
20094,0.0085160443559289
20098,0.0100941359996796
20099,0.0123974038287997
20101,0.244721710681915
20106,0.00993860512971878
20107,0.00990302767604589
20110,0.00308398366905749
20111,0.0696688815951347
20112,0.00435524061322212
20117,0.0193723235279322
20118,0.519591987133026
20124,0.182626128196716
20125,0.014978782273829
20127,0.00293202418833971
20132,0.1237733066082
20133,0.00344796967692673
20134,0.0161118283867836
20136,0.0224269311875105
20137,0.196170955896378
20138,0.0125841787084937
20145,0.0285662226378918
20149,0.0147450855001807
20154,0.0111175607889891
20158,0.0328774154186249
20159,0.019005386158824
20161,0.0124117275699973
20174,0.0784770771861076
20177,0.0636742860078812
20183,0.0216570869088173
20188,0.0119876135140657
20190,0.0196767821907997
20192,0.00225529749877751
20193,0.0187111441046
20197,0.0502605177462101
20200,0.0308398399502039
20207,0.120581582188606
20209,0.0454280972480774
20210,0.00406290544196963
20211,0.00286010699346662
20213,0.0528876222670078
20216,0.156034886837006
20218,0.106613241136074
20221,0.0932491198182106
20227,0.0363715440034866
20229,0.267186641693115
20231,0.0559264272451401
20232,0.0210296679288149
20242,0.00181091681588441
20244,0.187717542052269
20245,0.0246489215642214
20248,0.00302044115960598
20249,0.0635050013661385
20250,0.00207947287708521
20253,0.628380298614502
20255,0.0108234658837318
20264,0.00505857728421688
20266,0.0221761669963598
20267,0.00516530964523554
20269,0.444875866174698
20271,0.0433266572654247
20275,0.0208440627902746
20276,0.0252277292311192
20277,0.00314606167376041
20279,0.23437711596489
20281,0.105959311127663
20282,0.259300053119659
20285,0.0133166182786226
20287,0.00239322986453772
20291,0.00845641922205687
20293,0.0121372118592262
20296,0.0798040851950645
20299,0.1632060110569
20303,0.0187801588326693
20304,0.003566550090909
20305,0.0184891484677792
20308,0.0576498284935951
20321,0.0782466009259224
20326,0.0615473911166191
20329,0.0143875684589148
20335,0.0750725567340851
20336,0.0193867646157742
20337,0.0387420579791069
20339,0.0387856923043728
20354,0.00413882173597813
20359,0.00634141499176621
20360,0.1024110019207
20367,0.0401376187801361
20368,0.0221430938690901
20371,0.124543465673924
20373,0.189172506332397
20374,0.116528540849686
20378,0.765037775039673
20379,0.0336842089891434
20382,0.0135723724961281
20383,0.0648316070437431
20385,0.0674562901258469
20391,0.00171631237026304
20394,0.00709780585020781
20395,0.00140027620363981
20396,0.180369824171066
20398,0.204782217741013
20402,0.0395815260708332
20407,0.0166187956929207
20409,0.150540798902512
20412,0.00221784436143935
20413,0.0599183961749077
20414,0.0094183711335063
20416,0.0161030944436789
20421,0.311950743198395
20423,0.0288479756563902
20430,0.0248473715037107
20438,0.0260182693600655
20442,0.0122949769720435
20451,0.00126393663231283
20453,0.0698113068938255
20457,0.00904987007379532
20460,0.0560103617608547
20462,0.0740348175168037
20465,0.00531620299443603
20466,0.0290859639644623
20468,0.0289155449718237
20470,0.00735601037740707
20476,0.0131070716306567
20478,0.00525105930864811
20479,0.00191196042578667
20483,0.0403485968708992
20486,0.0630769208073616
20488,0.106654718518257
20489,0.0337924659252167
20493,0.0432618372142315
20495,0.021419083699584
20496,0.0164364017546177
20498,0.00922166928648949
20506,0.0158004742115736
20507,0.0268123224377632
20512,0.0634254291653633
20516,0.0341590270400047
20518,0.0327845215797424
20519,0.0805256590247154
20522,0.00443642027676106
20535,0.049213569611311
20540,0.0100832115858793
20544,0.0120233194902539
20546,0.00584843009710312
20547,0.0228910241276026
20548,0.0170669741928577
20556,0.0523449964821339
20558,0.00937640573829412
20563,0.0606053583323956
20567,0.27681428194046
20571,0.00312765431590378
20576,0.674083173274994
20578,0.0223058555275202
20581,0.00762824947014451
20583,0.00165310455486178
20590,0.0544968731701374
20591,0.218267664313316
20595,0.00881700776517391
20598,0.0119551597163081
20599,0.0534454435110092
20604,0.398146510124207
20607,0.0073713012970984
20610,0.440511047840118
20615,0.00772448163479567
20616,0.0934697613120079
20618,0.407436281442642
20623,0.661948144435883
20627,0.00515683088451624
20628,0.699256002902985
20629,0.102235272526741
20631,0.130692735314369
20634,0.670993626117706
20636,0.103839688003063
20638,0.0120813343673944
20640,0.627695500850678
20643,0.00136102782562375
20645,0.192222461104393
20647,0.0247943550348282
20652,0.570097148418427
20653,0.446482360363007
20654,0.235778585076332
20655,0.0225417409092188
20666,0.08743005245924
20667,0.597335278987885
20668,0.400202959775925
20670,0.676312208175659
20681,0.181847423315048
20684,0.00398623431101441
20689,0.016809556633234
20692,0.659991681575775
20699,0.00342339696362615
20701,0.0381714887917042
20706,0.10464945435524
20708,0.0248857755213976
20709,0.0567162595689297
20710,0.247513979673386
20711,0.0554354228079319
20712,0.0120594762265682
20713,0.0458379648625851
20715,0.00250194920226932
20717,0.0553501844406128
20720,0.144268587231636
20721,0.0100536923855543
20722,0.216543912887573
20727,0.0688995346426964
20729,0.00549643486738205
20732,0.583849906921387
20739,0.0222195386886597
20746,0.318250328302383
20751,0.0429485142230988
20752,0.0696629732847214
20754,0.0436577908694744
20770,0.651716709136963
20771,0.0174479112029076
20772,0.0252783242613077
20778,0.0288113262504339
20783,0.217918664216995
20785,0.563714623451233
20788,0.0743759125471115
20792,0.251807570457459
20793,0.0321593247354031
20796,0.218233332037926
20797,0.0106280650943518
20801,0.00837528705596924
20804,0.178978770971298
20806,0.667810499668121
20807,0.00504697253927589
20809,0.11651486903429
20810,0.0696839913725853
20813,0.0265852585434914
20814,0.00645121932029724
20816,0.00283707189373672
20822,0.147019296884537
20824,0.163969308137894
20827,0.00919621344655752
20829,0.00493552815169096
20830,0.0116773918271065
20831,0.0875454023480415
20835,0.0117432838305831
20836,0.0317904725670815
20839,0.079756073653698
20841,0.219511196017265
20842,0.117151394486427
20843,0.664250671863556
20856,0.000902319792658091
20858,0.00163792341481894
20859,0.483105659484863
20861,0.00533060450106859
20865,0.250153511762619
20867,0.0671177804470062
20872,0.019972762092948
20878,0.0641161724925041
20882,0.0474300868809223
20883,0.524829089641571
20884,0.11747745424509
20885,0.0145962350070477
20887,0.00381317897699773
20889,0.0453239530324936
20898,0.256222993135452
20899,0.0474662259221077
20901,0.334716200828552
20916,0.0136896837502718
20917,0.0388240478932858
20918,0.0936519131064415
20922,0.00322810281068087
20927,0.0184850730001926
20930,0.0147606730461121
20932,0.00392597727477551
20935,0.096870556473732
20942,0.00489584868773818
20947,0.00894414074718952
20948,0.0125751346349716
20949,0.137322276830673
20951,0.00829059816896915
20952,0.0182633679360151
20954,0.00917635299265385
20957,0.0383496172726154
20966,0.0479629673063755
20971,0.0662044882774353
20974,0.00907366443425417
20977,0.211389482021332
20989,0.0233929194509983
20991,0.0337171591818333
20999,0.00190326478332281
21002,0.0114924879744649
21003,0.140408128499985
21005,0.456456303596497
21006,0.0100298207253218
21007,0.0468461699783802
21008,0.118478611111641
21010,0.0104973297566175
21012,0.0539384745061398
21021,0.175078332424164
21033,0.446713417768478
21038,0.110900372266769
21043,0.127219885587692
21052,0.332221955060959
21054,0.661143243312836
21056,0.164757028222084
21057,0.0221212711185217
21059,0.0228973664343357
21060,0.245753824710846
21067,0.0254035983234644
21070,0.107928730547428
21075,0.0146655365824699
21082,0.0577080547809601
21088,0.00454833079129458
21092,0.0146237481385469
21093,0.0821013450622559
21095,0.0102218305692077
21109,0.00336425169371069
21111,0.073663167655468
21114,0.508715867996216
21116,0.0627138763666153
21125,0.350432842969894
21131,0.0395355820655823
21135,0.00266677932813764
21136,0.116011589765549
21138,0.0765761211514473
21140,0.00645340187475085
21142,0.0349388644099236
21144,0.0768840610980988
21145,0.219434291124344
21149,0.442319363355637
21150,0.649380147457123
21151,0.00162120792083442
21155,0.0131079284474254
21160,0.00286896526813507
21162,0.0165085233747959
21164,0.00263646431267262
21165,0.0128096919506788
21168,0.038549866527319
21169,0.0809116214513779
21171,0.00740206148475409
21175,0.0413195602595806
21177,0.616093397140503
21178,0.398373007774353
21184,0.00352208269760013
21187,0.00680232653394342
21189,0.0218749921768904
21199,0.170444816350937
21203,0.00845056772232056
21204,0.646614015102387
21207,0.00343331857584417
21209,0.00396850984543562
21210,0.370408266782761
21213,0.401398003101349
21214,0.0140147907659411
21215,0.407063007354736
21234,0.0167207363992929
21237,0.00211663264781237
21239,0.00768888834863901
21249,0.00510340742766857
21250,0.282315790653229
21255,0.000873407232575119
21264,0.00187954073771834
21269,0.00066491449251771
21278,0.00139781809411943
21279,0.00407199747860432
21280,0.00562514178454876
21283,0.00726989796385169
21284,0.00261194328777492
21285,0.00335629098117352
21290,0.00516811618581414
21291,0.00292723975144327
21292,0.000486288307001814
21296,0.0044137011282146
21298,0.00492419488728046
21300,0.00501672318205237
21303,0.086761586368084
21305,0.0162749569863081
21308,0.00680745393037796
21309,0.00460529467090964
21310,0.22949144244194
21316,0.139202520251274
21320,0.0092132305726409
21324,0.00217661843635142
21327,0.0499263033270836
21331,0.00960585847496986
21336,0.00223468244075775
21342,0.0661178454756737
21344,0.226242706179619
21345,0.0114235552027822
21348,0.0189618542790413
21363,0.0285454224795103
21366,0.36642062664032
21368,0.00374280079267919
21369,0.00297021050937474
21373,0.00588684482499957
21381,0.0984380915760994
21383,0.0102808754891157
21387,0.00859996303915978
21392,0.0449182540178299
21393,0.00687498785555363
21394,0.408465325832367
21395,0.0175336245447397
21397,0.00099531770683825
21400,0.0242800787091255
21401,0.00185689714271575
21403,0.762228071689606
21404,0.00901837926357985
21405,0.00326237338595092
21407,0.0040757916867733
21408,0.0298724956810474
21409,0.289308965206146
21413,0.00218081986531615
21416,0.626320898532867
21428,0.00821461342275143
21432,0.550759017467499
21433,0.0672562941908836
21450,0.0985717475414276
21453,0.00464503513649106
21458,0.00118160550482571
21462,0.179775342345238
21463,0.0326760411262512
21468,0.033122181892395
21472,0.00139490643050522
21473,0.114784181118011
21476,0.00302056455984712
21477,0.0209132824093103
21481,0.0359453074634075
21482,0.0034106953535229
21483,0.231972143054009
21490,0.0254878830164671
21493,0.375742077827454
21494,0.0679078474640846
21501,0.00390890752896667
21502,0.0317302346229553
21505,0.0397127196192741
21506,0.00901682768017054
21509,0.00501598790287972
21511,0.0281845517456532
21515,0.00100636028219014
21516,0.00437508383765817
21518,0.00515223667025566
21525,0.349017739295959
21526,0.00748990476131439
21532,0.0114132324233651
21534,0.226580083370209
21535,0.00470087910071015
21538,0.0276609361171722
21545,0.010034485720098
21546,0.00755714857950807
21548,0.00925260968506336
21550,0.0802609100937843
21553,0.0792575180530548
21554,0.00583082064986229
21555,0.00262260064482689
21567,0.009902055375278
21572,0.072629027068615
21578,0.00668252119794488
21579,0.00557619612663984
21585,0.0163483079522848
21589,0.105470485985279
21595,0.0222739335149527
21601,0.00638549169525504
21605,0.00188916735351086
21609,0.0439915582537651
21616,0.0166755542159081
21617,0.00483960518613458
21618,0.00169176294002682
21620,0.000456147186923772
21622,0.00290118739940226
21625,0.00109187688212842
21626,0.00297767273150384
21629,0.0603030994534493
21633,0.00969332735985518
21640,0.00339485658332706
21641,0.0276225972920656
21642,0.0200268384069204
21644,0.00355827994644642
21647,0.108865708112717
21650,0.00544238137081265
21658,0.120567664504051
21669,0.00545721687376499
21671,0.00532375974580646
21673,0.00444731768220663
21676,0.00886199809610844
21682,0.134244590997696
21683,0.100894473493099
21697,0.134457007050514
21699,0.00134270638227463
21702,0.00047117710346356
21708,0.0238816440105438
21715,0.163456425070763
21724,0.0278499014675617
21729,0.0665591210126877
21732,0.00231792195700109
21737,0.00112118397373706
21741,0.0573232620954514
21742,0.0420071929693222
21747,0.0101788537576795
21748,0.00339419185183942
21749,0.00124679948203266
21752,0.00433161901310086
21753,0.0565472319722176
21757,0.250235050916672
21759,0.0683951452374458
21760,0.319197952747345
21770,0.159213945269585
21773,0.0353827029466629
21774,0.0712427049875259
21778,0.0171217340976
21780,0.0231974981725216
21781,0.0193041916936636
21782,0.522275984287262
21783,0.00917419884353876
21786,0.278409570455551
21791,0.00437398301437497
21792,0.259299457073212
21796,0.00223478465341032
21797,0.00432373350486159
21799,0.212108477950096
21801,0.0145692843943834
21806,0.070097915828228
21808,0.00125900213606656
21814,0.00222084857523441
21816,0.00221895682625473
21819,0.0119639001786709
21821,0.00168054888490587
21822,0.00532464124262333
21823,0.00887982361018658
21825,0.00720649864524603
21826,0.0222880207002163
21828,0.0175785142928362
21829,0.00221641594544053
21836,0.0259256102144718
21846,0.0192411728203297
21849,0.00973470229655504
21850,0.0396108664572239
21851,0.0344732254743576
21857,0.00283044832758606
21860,0.0058395704254508
21861,0.00529278395697475
21862,0.0591775625944138
21863,0.00503050861880183
21864,0.00785792246460915
21865,0.00351037201471627
21866,0.00434817466884851
21871,0.012618881650269
21877,0.30086088180542
21881,0.00992733612656593
21882,0.089273251593113
21884,0.00566919287666678
21895,0.00997256115078926
21899,0.0143236611038446
21900,0.00580357201397419
21902,0.0270074214786291
21903,0.0134739158675075
21904,0.00803275499492884
21905,0.103862605988979
21909,0.0465590879321098
21916,0.000381873047444969
21921,0.013661595992744
21925,0.380547314882278
21926,0.00515439035370946
21929,0.160664707422256
21932,0.105038352310658
21933,0.00623060343787074
21934,0.0472472049295902
21935,0.00247697508893907
21941,0.00551717216148973
21942,0.351038724184036
21943,0.0237956531345844
21946,0.171246573328972
21948,0.00882216822355986
21953,0.00522262463346124
21956,0.00949266459792852
21961,0.129465147852898
21963,0.000732251035515219
21965,0.276260077953339
21967,0.00833167228847742
21969,0.0152483861893415
21974,0.0349696204066277
21975,0.00842550117522478
21979,0.0536715388298035
21982,0.00830500293523073
21983,0.00871180463582277
21988,0.0716687142848969
21989,0.00318587548099458
21991,0.0178643520921469
21992,0.12717279791832
21993,0.0720465555787087
21994,0.0355863682925701
21995,0.0986583977937698
21999,0.0588948354125023
22005,0.0385663695633411
22009,0.0446547754108906
22011,0.0362007692456245
22018,0.0172644052654505
22019,0.0261723045259714
22021,0.00244749174453318
22024,0.0140809742733836
22027,0.0110616395249963
22034,0.00415099738165736
22038,0.363488286733627
22047,0.0482398793101311
22052,0.00332037429325283
22062,0.0437081679701805
22063,0.00388906430453062
22067,0.00330018950626254
22074,0.108218930661678
22079,0.0631279721856117
22082,0.0637128427624703
22089,0.113965764641762
22091,0.0426332615315914
22092,0.0149835823103786
22093,0.00622452422976494
22095,0.0358822867274284
22097,0.0938634276390076
22098,0.0543113388121128
22099,0.0301350206136704
22104,0.0475887134671211
22108,0.155235037207603
22109,0.0200499650090933
22124,0.0138652650639415
22131,0.416333466768265
22132,0.0285556949675083
22135,0.00219245348125696
22137,0.00140400649979711
22140,0.0199233312159777
22141,0.200655832886696
22142,0.0163298528641462
22144,0.00512531865388155
22146,0.00787942390888929
22153,0.0183553732931614
22157,0.00291570439003408
22158,0.0585503503680229
22164,0.00482010282576084
22165,0.0122457332909107
22166,0.147403582930565
22171,0.0209169052541256
22175,0.090861864387989
22182,0.239516898989677
22183,0.00272902986034751
22186,0.0725801512598991
22187,0.00455380277708173
22195,0.024070730432868
22197,0.0017911137547344
22198,0.00692520570009947
22202,0.117464356124401
22207,0.0269022658467293
22208,0.00731926783919334
22209,0.00682379631325603
22211,0.393247276544571
22212,0.00728272134438157
22214,0.00114838511217386
22216,0.652660548686981
22222,0.00422240747138858
22224,0.00822033453732729
22229,0.00298249837942421
22231,0.327959418296814
22240,0.474206358194351
22242,0.00320952362380922
22253,0.00584158580750227
22255,0.00709998421370983
22256,0.0174184497445822
22261,0.0177077539265156
22264,0.069551944732666
22276,0.0431712381541729
22277,0.029457675293088
22279,0.42088320851326
22286,0.00739604840055108
22288,0.079996682703495
22292,0.0910235345363617
22295,0.00238085491582751
22296,0.192824646830559
22297,0.0120509015396237
22298,0.0889327749609947
22299,0.00741219939664006
22300,0.0578251518309116
22303,0.0382190048694611
22305,0.578329741954804
22306,0.0034369311761111
22307,0.0268565732985735
22308,0.0123157072812319
22309,0.0419477187097073
22311,0.152779191732407
22312,0.00273599731735885
22319,0.0878438577055931
22323,0.0097573297098279
22326,0.00594044383615255
22331,0.0101653821766377
22333,0.0336230807006359
22335,0.0176550541073084
22336,0.556778311729431
22345,0.116744816303253
22346,0.00907945819199085
22347,0.00618247175589204
22349,0.00151033524889499
22356,0.0284115727990866
22357,0.620115637779236
22364,0.354990720748901
22367,0.10815054923296
22368,0.0324508957564831
22371,0.00658759009093046
22373,0.130865007638931
22375,0.0477017126977444
22378,0.199834048748016
22379,0.00577916437759996
22381,0.014458972029388
22382,0.130781009793282
22385,0.00688774231821299
22386,0.00352232018485665
22387,0.0188675057142973
22392,0.00790421757847071
22393,0.00989901274442673
22394,0.00117029761895537
22397,0.110603213310242
22398,0.00721167540177703
22402,0.013904987834394
22408,0.00759710324928165
22412,0.0210427232086658
22413,0.0178152993321419
22421,0.528310716152191
22423,0.00116369233001024
22433,0.0346093252301216
22444,0.0123014124110341
22445,0.00635451357811689
22449,0.0176545735448599
22450,0.00372394220903516
22451,0.0513558574020863
22453,0.397164106369019
22455,0.00843922048807144
22456,0.0546599291265011
22457,0.00635412568226457
22460,0.0209797099232674
22461,0.00510838534682989
22464,0.0297345444560051
22467,0.0406513325870037
22469,0.0516722351312637
22470,0.0628552511334419
22479,0.000828842516057193
22483,0.000754385895561427
22488,0.00124839600175619
22497,0.00665105367079377
22499,0.175263091921806
22501,0.00238554505631328
22503,0.261807590723038
22509,0.0196343865245581
22512,0.223656639456749
22515,0.100356496870518
22518,0.00767942331731319
22520,0.0331169292330742
22521,0.0602950341999531
22526,0.143182173371315
22527,0.107790239155293
22530,0.380230337381363
22531,0.00243564555421472
22532,0.000590243842452765
22543,0.150307670235634
22545,0.00456021586433053
22550,0.0034984196536243
22558,0.00809296872466803
22559,0.503097712993622
22569,0.00453142914921045
22574,0.274068355560303
22576,0.0891005322337151
22577,0.00208956049755216
22579,0.124472767114639
22585,0.00791663397103548
22589,0.00522004161030054
22590,0.081839993596077
22591,0.0612782426178455
22593,0.00606480427086353
22596,0.00816270057111979
22597,0.00627972604706883
22598,0.0029462689999491
22602,0.0101810926571488
22611,0.0232539121061564
22612,0.0205189995467663
22620,0.0538750365376473
22624,0.0708247721195221
22632,0.0147537961602211
22634,0.041724719107151
22638,0.12854765355587
22639,0.0146007062867284
22643,0.0969098135828972
22647,0.0064360685646534
22652,0.00343796308152378
22654,0.0129340598359704
22658,0.0202467478811741
22661,0.0218602474778891
22663,0.00770428590476513
22665,0.00299990572966635
22670,0.00262589566409588
22673,0.212327212095261
22677,0.00278145400807261
22679,0.000474496191600338
22682,0.00262956460937858
22686,0.00354923424310982
22687,0.0028869635425508
22699,0.106062322854996
22702,0.0142489308491349
22705,0.00750678265467286
22708,0.00224976125173271
22709,0.00305968523025513
22714,0.00194902089424431
22715,0.00600649043917656
22717,0.021188648417592
22718,0.00518589140847325
22720,0.00344904139637947
22723,0.00136951263993979
22724,0.00403952971100807
22726,0.0130908517166972
22730,0.00690279901027679
22738,0.0136408628895879
22740,0.00400729663670063
22744,0.0403106883168221
22746,0.00867549795657396
22747,0.00571692828088999
22751,0.00405669724568725
22752,0.003281245008111
22759,0.216275662183762
22760,0.0636093392968178
22764,0.00283280969597399
22765,0.00384099618531764
22766,0.00509582553058863
22769,0.0115812262520194
22770,0.00480107124894857
22775,0.199747055768967
22780,0.00270647648721933
22783,0.000948969391174614
22789,0.000703225086908788
22791,0.0266198627650738
22794,0.00235021463595331
22795,0.00372800440527499
22797,0.00119997363071889
22801,0.000685377686750144
22805,0.0258736442774534
22806,0.00439187791198492
22807,0.0151472222059965
22809,0.147039219737053
22810,0.00557922665029764
22811,0.00189572141971439
22816,0.109556064009666
22817,0.149319857358933
22820,0.00348956533707678
22825,0.136536374688149
22828,0.00701041100546718
22829,0.167335465550423
22830,0.00774350296705961
22834,0.00100223161280155
22835,0.0677216649055481
22839,0.00375088141299784
22840,0.0105593139305711
22843,0.00228441087529063
22844,0.0250874683260918
22845,0.338316828012466
22855,0.0166850406676531
22857,0.00452178996056318
22858,0.0685548633337021
22860,0.00768936099484563
22863,0.00742542324587703
22866,0.00728598656132817
22867,0.156987980008125
22871,0.00173681520391256
22873,0.00214018812403083
22876,0.123287908732891
22877,0.00173519470263273
22882,0.00362057075835764
22886,0.138091087341309
22887,0.00512812566012144
22888,0.0016520416829735
22890,0.068640761077404
22896,0.102393440902233
22904,0.00314874108880758
22913,0.00267359986901283
22914,0.00605743611231446
22915,0.00162710202857852
22920,0.00752516509965062
22923,0.0129060568287969
22927,0.343487292528152
22928,0.184365272521973
22929,0.231982454657555
22932,0.000954739924054593
22933,0.00302437669597566
22936,0.0146120386198163
22937,0.0158765781670809
22938,0.000959628028795123
22939,0.0777444019913673
22946,0.00207562232390046
22951,0.00523105449974537
22956,0.000830565229989588
22962,0.00379163073375821
22966,0.00491252169013023
22968,0.0358551032841206
22969,0.00576768489554524
22970,0.0235870517790318
22971,0.00599067658185959
22988,0.0514457076787949
22989,0.0010613069171086
22994,0.0119566926732659
22996,0.0271093789488077
22998,0.0106227062642574
23000,0.183891743421555
23004,0.194543778896332
23006,0.0284716561436653
23008,0.040971502661705
23009,0.0244160182774067
23012,0.0143298767507076
23014,0.0938181132078171
23017,0.0583277679979801
23019,0.132873669266701
23034,0.00121559808030725
23038,0.00635875109583139
23039,0.00811232160776854
23043,0.0250330995768309
23046,0.0139174414798617
23049,0.0219244733452797
23051,0.00290933577343822
23057,0.0491079725325108
23060,0.00503337616100907
23063,0.000551930221263319
23064,0.00277744280174375
23065,0.0164214447140694
23068,0.000824792892672122
23070,0.574236512184143
23073,0.63237863779068
23074,0.044188991189003
23079,0.0266880672425032
23081,0.00135906552895904
23083,0.0264114830642939
23084,0.00565712340176106
23088,0.0993579551577568
23089,0.0185453407466412
23093,0.00719254463911057
23101,0.0068925553932786
23103,0.117713570594788
23111,0.0090493056923151
23113,0.315331876277924
23114,0.0530105493962765
23115,0.00668264180421829
23116,0.0382055379450321
23118,0.0796774551272392
23119,0.028551584109664
23120,0.0299720093607903
23121,0.00277699902653694
23124,0.0798501297831535
23125,0.00112701824400574
23129,0.124999344348907
23130,0.0044996845535934
23137,0.00487802550196648
23138,0.0105483382940292
23141,0.00971237849444151
23146,0.00285071460530162
23147,0.0266305580735207
23149,0.000947307213209569
23150,0.317054867744446
23152,0.00117284990847111
23154,0.00350460223853588
23164,0.0114616472274065
23166,0.00323176081292331
23174,0.20715919137001
23177,0.00761574180796742
23178,0.0115269375964999
23180,0.00619200710207224
23182,0.251826077699661
23189,0.0225734505802393
23197,0.0022601536475122
23198,0.0798403024673462
23199,0.0368567667901516
23203,0.00982302147895098
23204,0.00047067811829038
23207,0.0127421170473099
23215,0.00727412151172757
23217,0.00164003309328109
23227,0.0133609427139163
23230,0.0234593637287617
23231,0.0564914457499981
23234,0.101971581578255
23237,0.00508390180766583
23240,0.00262196199037135
23241,0.0461153462529182
23242,0.00539254117757082
23247,0.00635896530002356
23250,0.00226619956083596
23254,0.0201530940830708
23255,0.0109437052160501
23263,0.0083694402128458
23267,0.00204590219072998
23268,0.170058012008667
23274,0.00821229070425034
23278,0.161265894770622
23280,0.00641213357448578
23282,0.00598872918635607
23288,0.0068765114992857
23291,0.0040448741056025
23295,0.000854915648233146
23297,0.0011482615955174
23300,0.00134742632508278
23302,0.0131330573931336
23303,0.259874612092972
23308,0.00370323960669339
23310,0.210864201188087
23311,0.101042397320271
23312,0.00302298087626696
23314,0.00495568290352821
23315,0.0682052448391914
23325,0.00184162554796785
23327,0.00377434631809592
23330,0.00542438542470336
23335,0.034600168466568
23341,0.00116433436051011
23342,0.00663506938144565
23347,0.0111946929246187
23348,0.00240784627385438
23355,0.00476649217307568
23356,0.00444481428712606
23358,0.011540518142283
23359,0.0517548173666
23365,0.00650054588913918
23368,0.0510042868554592
23377,0.0114878369495273
23379,0.00232299230992794
23381,0.00484128203243017
23386,0.000701557379215956
23387,0.0190612711012363
23388,0.0198813173919916
23389,0.0679117292165756
23390,0.0621496587991715
23404,0.0260703451931477
23414,0.0239138063043356
23416,0.00682371249422431
23419,0.278116762638092
23420,0.100587941706181
23426,0.00400708708912134
23427,0.00442453660070896
23431,0.00196963152848184
23436,0.00512431701645255
23439,0.0354654714465141
23440,0.0025636323262006
23443,0.00232704053632915
23447,0.0322277694940567
23449,0.00138887309003621
23451,0.0288314856588841
23452,0.00108149216976017
23453,0.00435317354276776
23456,0.00556584028527141
23458,0.000380040321033448
23463,0.00525378249585629
23470,0.00233586924150586
23473,0.00199795584194362
23474,0.60303658246994
23477,0.00089738640235737
23479,0.000768753990996629
23481,0.000749322178307921
23485,0.00211033946834505
23486,0.00431326031684876
23495,0.0157298147678375
23498,0.00255510653369129
23499,0.0194436386227608
23500,0.0118336053565145
23503,0.000756076886318624
23508,0.000477079447591677
23509,0.000549946795217693
23513,0.0015114163979888
23517,0.00198782724328339
23520,0.0306785590946674
23524,0.00111640989780426
23526,0.0613710470497608
23527,0.00588086247444153
23528,0.00703426776453853
23530,0.0062666148878634
23536,0.0205835029482842
23537,0.00297142821364105
23538,0.000570178497582674
23546,0.00249700341373682
23547,0.132304951548576
23549,0.0312259458005428
23552,0.00100439193192869
23553,0.0299493093043566
23556,0.00374331464990973
23557,0.00778294401243329
23563,0.00244992971420288
23564,0.00288117420859635
23570,0.00304558873176575
23575,0.0004565593553707
23576,0.00145570677705109
23579,0.0218737367540598
23580,0.00192244350910187
23588,0.000400236807763577
23589,0.00118956598453224
23596,0.00125458789989352
23597,0.00960800889879465
23598,0.0274867713451386
23602,0.0017882565734908
23606,0.0027484034653753
23611,0.67774373292923
23614,0.0103577990084887
23625,0.000864955538418144
23628,0.000921801081858575
23631,0.000622938736341894
23633,0.0102746039628983
23642,0.00381705141626298
23645,0.191068068146706
23651,0.000602734042331576
23653,0.000790975871495903
23658,0.149624541401863
23660,0.000596206053160131
23661,0.000496896973345429
23662,0.00741304224357009
23665,0.000501583388540894
23668,0.00485898973420262
23670,0.0356335528194904
23676,0.00762181915342808
23677,0.000765162112656981
23679,0.00160778965801001
23686,0.00142082443926483
23688,0.052868913859129
23692,0.0474667102098465
23693,0.0606007017195225
23700,0.00215990236029029
23702,0.000585281930398196
23704,0.173973068594933
23719,0.00041205485467799
23721,0.279637962579727
23722,0.0659506320953369
23723,0.000622938736341894
23724,0.00110219791531563
23727,0.000753083324525505
23732,0.000913863652385771
23735,0.000642752565909177
23743,0.00515326857566834
23744,0.0106797982007265
23749,0.392346829175949
23750,0.00126248318701983
23757,0.00126839766744524
23761,0.00961764715611935
23765,0.000567829585634172
23769,0.00234746467322111
23774,0.121966809034348
23777,0.000414526468375698
23778,0.000687766296323389
23782,0.0489812307059765
23783,0.0110369371250272
23784,0.00764869339764118
23785,0.00948740728199482
23786,0.00151044793892652
23789,0.00254526967182755
23795,0.00216786423698068
23797,0.000904590240679681
23798,0.00041972249164246
23801,0.011086642742157
23806,0.0174183771014214
23809,0.0772321596741676
23810,0.00255718408152461
23811,0.00553125236183405
23818,0.0285362713038921
23820,0.00203818641602993
23821,0.00160878337919712
23824,0.0180418863892555
23825,0.00911169964820147
23828,0.0188456233590841
23829,0.000903516542166471
23830,0.00385374133475125
23836,0.00344098056666553
23838,0.023919153958559
23844,0.0732823312282562
23847,0.113066829741001
23855,0.00679730949923396
23867,0.00504482304677367
23868,0.0223581027239561
23871,0.00744976149871945
23877,0.0295718815177679
23883,0.0039725792594254
23885,0.0304086040705442
23887,0.0129751982167363
23889,0.0520369186997414
23892,0.00170422589872032
23893,0.0162565987557173
23894,0.00861597154289484
23897,0.00283643393777311
23898,0.0161242764443159
23902,0.0184232480823994
23903,0.0345488674938679
23908,0.00830034632235766
23910,0.0022256295196712
23912,0.11673279106617
23913,0.00245156162418425
23916,0.00666670454666019
23921,0.0046427184715867
23925,0.00831588078290224
23928,0.00189269601833075
23930,0.0044423402287066
23934,0.561544299125671
23936,0.0187282506376505
23939,0.0392109639942646
23940,0.00426833191886544
23941,0.00388516299426556
23944,0.000684130587615073
23946,0.000345827895216644
23947,0.119542621076107
23949,0.00193522043991834
23952,0.00169622153043747
23953,0.542960464954376
23954,0.00134011113550514
23960,0.472553759813309
23963,0.00109809171408415
23972,0.0014403200475499
23975,0.00413993233814836
23978,0.00102434982545674
23981,0.0127037419006228
23985,0.00100385048426688
23988,0.010716250166297
23990,0.0054047079756856
23998,0.00442340271547437
24003,0.00446831621229649
24004,0.0334036014974117
24007,0.00102507416158915
24013,0.000753742468077689
24014,0.000582738663069904
24015,0.020257156342268
24016,0.0468915961682797
24017,0.00237884907983243
24020,0.00667272880673409
24025,0.000331024173647165
24039,0.183425053954124
24041,0.323527067899704
24047,0.0103902705013752
24049,0.0159584488719702
24051,0.161387175321579
24052,0.00752846291288734
24054,0.401475518941879
24055,0.550938129425049
24056,0.191353678703308
24057,0.0354554727673531
24059,0.673056304454804
24061,0.00898324232548475
24069,0.124207019805908
24072,0.665545761585236
24076,0.444943636655808
24082,0.119973093271256
24083,0.63045072555542
24087,0.364947497844696
24098,0.450371026992798
24101,0.616482019424439
24103,0.579963982105255
24108,0.147332563996315
24111,0.42647197842598
24112,0.104012444615364
24117,0.832823157310486
24131,0.117670401930809
24134,0.0105965482071042
24137,0.00675687706097961
24138,0.108181081712246
24142,0.167867720127106
24143,0.0286557804793119
24145,0.191928088665009
24148,0.823222160339356
24149,0.280023008584976
24150,0.118752524256706
24154,0.106275387108326
24160,0.0628664717078209
24170,0.365827471017838
24172,0.00728109758347273
24173,0.0473878681659699
24180,0.213303476572037
24182,0.0114365732297301
24186,0.00738045526668429
24189,0.00590692041441798
24190,0.00129031960386783
24191,0.0317566804587841
24192,0.00670069828629494
24195,0.0157077554613352
24203,0.0107129085808992
24206,0.0447532013058662
24210,0.0182704608887434
24219,0.04215057939291
24227,0.00136032549198717
24229,0.0192217994481325
24230,0.0327238291501999
24236,0.00314167118631303
24241,0.00394506007432938
24243,0.122679866850376
24244,0.109403856098652
24250,0.120791703462601
24256,0.0711308419704437
24260,0.18221327662468
24269,0.00608767848461866
24270,0.00149622082244605
24273,0.0457796454429627
24274,0.00519670685753226
24278,0.134504839777946
24279,0.274006009101868
24282,0.00116555218119174
24285,0.0344092808663845
24287,0.0135157415643334
24290,0.0619186945259571
24297,0.00700874114409089
24300,0.0693063586950302
24305,0.00866934470832348
24308,0.00125899189151824
24309,0.038104135543108
24312,0.00116865837480873
24313,0.0304092112928629
24315,0.0045150681398809
24320,0.0441362038254738
24324,0.139238223433495
24329,0.00263879750855267
24330,0.0127280578017235
24335,0.0294678900390863
24338,0.0177210532128811
24341,0.154430642724037
24353,0.290527373552322
24360,0.00901333428919315
24371,0.335078597068787
24373,0.0251822434365749
24376,0.00761300977319479
24380,0.0845136493444443
24390,0.0098970215767622
24392,0.264326274394989
24393,0.0138877173885703
24395,0.0170808024704456
24401,0.00173908018041402
24408,0.365775763988495
24423,0.0108610484749079
24425,0.00584610691294074
24426,0.221478477120399
24427,0.00183041475247592
24431,0.00157609872985631
24435,0.00205493834801018
24440,0.0072296797297895
24447,0.347850352525711
24451,0.00264504086226225
24454,0.00778457568958402
24456,0.00313578825443983
24461,0.27926316857338
24464,0.00549318548291922
24465,0.00746965641155839
24468,0.032934408634901
24472,0.0538487918674946
24474,0.0117144705727696
24480,0.00236917077563703
24481,0.517476141452789
24484,0.0112391337752342
24486,0.0514211393892765
24487,0.0604938119649887
24492,0.0109848761931062
24493,0.0368179678916931
24500,0.0109106656163931
24501,0.012103658169508
24507,0.444570422172546
24517,0.0517432950437069
24518,0.0129809705540538
24522,0.0130468774586916
24524,0.0184306185692549
24525,0.288709163665772
24534,0.252255380153656
24544,0.0107286013662815
24545,0.00199638772755861
24547,0.014889694750309
24548,0.00412588426843286
24553,0.00138182914815843
24560,0.00339043908752501
24563,0.0351424068212509
24564,0.00397968897596002
24565,0.00820924341678619
24570,0.255671620368958
24577,0.011025751940906
24578,0.0218837969005108
24581,0.00117752340156585
24583,0.011098699644208
24584,0.0109386323019862
24590,0.00243967166170478
24591,0.243485629558563
24594,0.0185612160712481
24595,0.010500431060791
24596,0.00399160524830222
24598,0.40631577372551
24600,0.00510938605293632
24609,0.138244718313217
24613,0.116333477199078
24620,0.58113706111908
24622,0.191317528486252
24624,0.00946121942251921
24627,0.00254008150659502
24628,0.028481213375926
24629,0.0158809069544077
24632,0.0491007156670094
24635,0.240579172968864
24643,0.00432845531031489
24647,0.0665534287691116
24660,0.00308811920695007
24664,0.184120520949364
24666,0.080000102519989
24668,0.0663330182433128
24670,0.00153259956277907
24671,0.031236594542861
24679,0.00873107649385929
24681,0.0445244386792183
24682,0.0104171093553305
24684,0.00479681696742773
24685,0.0132737308740616
24688,0.00569472881034017
24690,0.0058196010068059
24696,0.045530129224062
24697,0.112078554928303
24698,0.0383880771696568
24715,0.00305402954109013
24716,0.0219899173825979
24718,0.198149010539055
24720,0.0473012924194336
24725,0.0487116016447544
24726,0.109856404364109
24729,0.0472958981990814
24731,0.0488560274243355
24734,0.305805504322052
24736,0.00425432017073035
24738,0.00502384267747402
24739,0.281771510839462
24744,0.0169029608368874
24748,0.0262061432003975
24749,0.0063391444273293
24763,0.0654026940464973
24764,0.0195662565529346
24766,0.00164645479526371
24767,0.0197652727365494
24769,0.0288552939891815
24774,0.00628608232364059
24776,0.00186170695815235
24777,0.00674420408904553
24781,0.00684546958655119
24786,0.0332855246961117
24787,0.133225485682488
24788,0.000875290425028652
24789,0.00911589339375496
24791,0.00189072429202497
24794,0.0254393517971039
24795,0.00679099326953292
24803,0.230927512049675
24808,0.00102493353188038
24809,0.0014557350659743
24811,0.218156278133392
24820,0.0205674543976784
24823,0.00160040881019086
24836,0.0539525151252747
24839,0.00915929116308689
24840,0.468881189823151
24849,0.0037387702614069
24851,0.0489010065793991
24858,0.0322978086769581
24869,0.024349894374609
24871,0.114801414310932
24873,0.106248550117016
24874,0.289819866418839
24881,0.527881145477295
24883,0.00614600069820881
24884,0.0644218176603317
24888,0.0172344893217087
24889,0.010215618647635
24897,0.571611523628235
24898,0.00618914933875203
24901,0.0369709245860577
24908,0.0129453260451555
24910,0.0677572414278984
24911,0.122389830648899
24913,0.0384189188480377
24916,0.0330739915370941
24918,0.0176991876214743
24926,0.0298930071294308
24928,0.0011972397333011
24931,0.00848270021378994
24932,0.0169239230453968
24935,0.0114146685227752
24936,0.0878434777259827
24942,0.0327980518341064
24943,0.00304028112441301
24945,0.0445523820817471
24956,0.00220456626266241
24957,0.00598326465114951
24958,0.378142297267914
24959,0.0120005141943693
24960,0.00116174900904298
24967,0.00561949564144015
24978,0.0265962425619364
24981,0.00610559806227684
24983,0.0326454676687717
24984,0.0704298540949822
24987,0.00503803743049502
24989,0.188483327627182
24994,0.0417601689696312
24997,0.00253788963891566
25000,0.00495532574132085
25006,0.0434923470020294
25014,0.00552315870299935
25016,0.00296753155998886
25021,0.00689627742394805
25025,0.0238818041980267
25028,0.028999837115407
25030,0.00769674358889461
25033,0.0198965985327959
25034,0.00118624442256987
25036,0.0132772671058774
25042,0.00254661869257689
25044,0.00161346141248941
25047,0.182456746697426
25048,0.0245595257729292
25054,0.0623973943293095
25059,0.0103162089362741
25061,0.00739845726639032
25064,0.00561767304316163
25065,0.147710531949997
25069,0.00178523757494986
25070,0.0117327840998769
25072,0.0193856302648783
25081,0.0769052132964134
25087,0.00775371724739671
25089,0.00146978080738336
25091,0.00641139596700668
25093,0.0144493877887726
25094,0.0028609842993319
25096,0.0370042733848095
25101,0.00470161996781826
25105,0.00192641839385033
25113,0.0125581761822104
25116,0.0101248947903514
25117,0.0112774930894375
25122,0.0341060347855091
25123,0.0262820664793253
25125,0.00146276515442878
25127,0.245468750596046
25131,0.0457171052694321
25134,0.102439492940903
25137,0.00893322564661503
25139,0.15958970785141
25143,0.0246586948633194
25146,0.0643394291400909
25147,0.00293006072752178
25153,0.019916633144021
25156,0.0102191204205155
25157,0.0536086037755013
25160,0.0202532466500998
25161,0.0721546187996864
25163,0.146676495671272
25165,0.0401169992983341
25168,0.511126160621643
25169,0.111179769039154
25177,0.00930737424641848
25180,0.115363299846649
25181,0.00868758745491505
25183,0.0174666568636894
25189,0.0137247852981091
25190,0.00582096399739385
25193,0.0329914540052414
25194,0.00489354925230146
25195,0.0140972603112459
25197,0.00758258579298854
25201,0.191999495029449
25207,0.00546526396647096
25209,0.0131326001137495
25212,0.21204000711441
25214,0.0123622072860599
25215,0.00163684447761625
25218,0.00733898347243667
25219,0.00832521356642246
25222,0.0143658258020878
25226,0.0057723238132894
25227,0.0140178548172116
25231,0.00421819882467389
25233,0.00423199310898781
25238,0.117516234517097
25244,0.0213072597980499
25256,0.103541620075703
25259,0.394090235233307
25260,0.00453832419589162
25267,0.0172755252569914
25271,0.0161346588283777
25272,0.0013531445292756
25278,0.488592088222504
25279,0.00308985356241465
25282,0.0886156857013702
25283,0.0974321141839027
25289,0.00806634314358234
25292,0.00437958491966128
25297,0.0156713109463453
25303,0.00783684570342302
25305,0.0169531665742397
25308,0.00639365334063768
25309,0.00830875802785158
25310,0.00394938513636589
25312,0.0780200734734535
25313,0.00620166817680001
25317,0.0125926127657294
25318,0.0122148049995303
25321,0.00963963661342859
25323,0.00762578099966049
25331,0.199616089463234
25337,0.0132802659645677
25340,0.00517376000061631
25341,0.0225771553814411
25343,0.133106470108032
25348,0.00544460443779826
25358,0.100188985466957
25361,0.00616273004561663
25362,0.0378618165850639
25368,0.1710145175457
25373,0.0180158726871014
25392,0.266260087490082
25397,0.0366483740508556
25398,0.191593453288078
25401,0.0454174093902111
25405,0.0238281302154064
25410,0.0065917419269681
25411,0.00269482517614961
25415,0.00722734536975622
25420,0.00683604832738638
25422,0.00961463619023561
25425,0.0384878814220428
25429,0.0105659859254956
25437,0.0242906156927347
25441,0.211386129260063
25444,0.00706188566982746
25447,0.0102590397000313
25449,0.0116279283538461
25450,0.0336606875061989
25452,0.0149450218304992
25457,0.00909296050667763
25465,0.0180316567420959
25466,0.113092668354511
25470,0.0168268550187349
25476,0.052835825830698
25481,0.00163260940462351
25484,0.275195121765137
25488,0.0835878700017929
25492,0.0117221903055906
25498,0.00139854301232845
25499,0.0216201674193144
25500,0.00732299732044339
25502,0.00425073644146323
25503,0.0532941706478596
25505,0.219076201319695
25506,0.0343762561678886
25507,0.364034414291382
25517,0.0020374059677124
25518,0.0633450821042061
25523,0.0498838685452938
25527,0.0238405056297779
25529,0.0345364399254322
25530,0.0127216055989265
25532,0.0161227863281965
25536,0.0166763123124838
25538,0.132005333900452
25540,0.0533971562981606
25543,0.00687563559040427
25544,0.00673688342794776
25546,0.118698239326477
25548,0.00358231063000858
25552,0.195387870073318
25554,0.0625308826565743
25557,0.128963798284531
25560,0.0285508912056685
25565,0.0010309936478734
25571,0.0206852089613676
25574,0.0323556177318096
25576,0.0017845849506557
25577,0.449573457241058
25584,0.107263498008251
25586,0.0626922994852066
25591,0.0425000376999378
25595,0.0315240472555161
25598,0.0386783815920353
25608,0.470788270235062
25610,0.0102394204586744
25614,0.0674673318862915
25620,0.399264842271805
25622,0.00547891343012452
25625,0.358721762895584
25626,0.170159742236137
25630,0.000868551782332361
25635,0.0277839954942465
25638,0.112333342432976
25641,0.00631394283846021
25645,0.0908589884638786
25652,0.0172812640666962
25654,0.0126778362318873
25655,0.093332014977932
25660,0.0470283478498459
25664,0.0297636594623327
25665,0.273395359516144
25674,0.00827285367995501
25677,0.00204429146833718
25683,0.294082909822464
25684,0.0508572682738304
25686,0.0519871413707733
25694,0.0234332419931889
25702,0.406209886074066
25706,0.0173820648342371
25707,0.0920372977852821
25715,0.0118734501302242
25720,0.0465621016919613
25721,0.00584288500249386
25725,0.012058368884027
25729,0.00515948608517647
25740,0.584916353225708
25744,0.00744254747405648
25750,0.0333837084472179
25755,0.000666296400595456
25756,0.00186511350329965
25760,0.0341470800340176
25762,0.00884375162422657
25763,0.597659587860107
25766,0.0463317036628723
25774,0.00762910814955831
25778,0.0086175799369812
25780,0.00304578267969191
25783,0.0539807677268982
25787,0.215901061892509
25794,0.00566165847703815
25796,0.42573019862175
25799,0.0147264134138823
25804,0.206026017665863
25805,0.0528402663767338
25807,0.01588399335742
25808,0.0936909019947052
25810,0.0435053035616875
25811,0.522964656352997
25813,0.0798803195357323
25814,0.00591697543859482
25823,0.00638199225068092
25828,0.00664861313998699
25834,0.123673863708973
25837,0.0366504192352295
25838,0.0733294785022736
25840,0.000740588176995516
25841,0.0665856376290321
25843,0.055637251585722
25844,0.00200457405298948
25846,0.438801109790802
25853,0.0075539518147707
25855,0.143682911992073
25857,0.0102371638640761
25859,0.00941883400082588
25861,0.0100916866213083
25864,0.00199130107648671
25868,0.0204165633767843
25870,0.0617461614310741
25874,0.0152782071381807
25876,0.0158837754279375
25879,0.0427698753774166
25890,0.0166616030037403
25893,0.0184779074043036
25894,0.045986320823431
25896,0.00253703654743731
25900,0.469403743743897
25901,0.237390041351318
25904,0.0257718153297901
25906,0.0263925213366747
25916,0.0157093331217766
25920,0.00299500813707709
25921,0.00958792958408594
25922,0.041293315589428
25923,0.113265305757523
25926,0.142929688096046
25927,0.0167706217616797
25928,0.130671083927155
25930,0.00163107831031084
25931,0.00358449993655086
25933,0.538122534751892
25934,0.0260839518159628
25936,0.102397501468658
25943,0.00744091346859932
25944,0.0152581324800849
25946,0.0823756009340286
25947,0.0127097722142935
25949,0.200013637542725
25951,0.206396788358688
25952,0.306469708681107
25954,0.0385892614722252
25955,0.0296155977994204
25957,0.0430439002811909
25958,0.144786551594734
25961,0.00542463269084692
25963,0.16671584546566
25964,0.00193702103570104
25966,0.258922517299652
25968,0.44988939166069
25972,0.00552702322602272
25973,0.324376463890076
25977,0.0547350160777569
25979,0.0148218274116516
25984,0.750967264175415
25991,0.00619687372818589
25998,0.0541671700775623
26004,0.0208983588963747
26005,0.0817509591579437
26006,0.0105327982455492
26008,0.0316083133220673
26009,0.0143023692071438
26010,0.00614198576658964
26012,0.00316911237314343
26015,0.0151436887681484
26016,0.191064655780792
26020,0.116080366075039
26025,0.0033459251280874
26028,0.226767361164093
26034,0.0170102156698704
26037,0.0404425598680973
26039,0.016643401235342
26042,0.126209065318108
26046,0.00576251884922385
26048,0.408366709947586
26052,0.0031759690027684
26056,0.0165574159473181
26058,0.108195811510086
26059,0.00490758707746863
26064,0.0365018136799336
26067,0.0253866463899612
26069,0.00162675115279853
26074,0.0155710047110915
26083,0.467421591281891
26086,0.309388905763626
26099,0.0279261860996485
26103,0.0199641361832619
26107,0.00475722225382924
26114,0.00383679289370775
26117,0.111844524741173
26122,0.00274913432076573
26124,0.00618031900376082
26128,0.0721079781651497
26136,0.329887092113495
26140,0.188713774085045
26142,0.0394148528575897
26147,0.00350040663033724
26150,0.00439910404384136
26151,0.008796744979918
26155,0.0013947004918009
26156,0.00593565916642547
26157,0.00665576849132776
26160,0.253159105777741
26162,0.0455252081155777
26165,0.00096611340995878
26176,0.0484376698732376
26179,0.00171462201979011
26180,0.207209050655365
26181,0.597797989845276
26182,0.0294434875249863
26183,0.0661494359374046
26186,0.0198462661355734
26189,0.00407342100515962
26192,0.0127725712954998
26193,0.0335647091269493
26196,0.00540948053821921
26201,0.0199508126825094
26202,0.00147241877857596
26203,0.101743072271347
26213,0.0102873295545578
26217,0.111592903733253
26222,0.169911339879036
26232,0.286399751901627
26233,0.484858065843582
26239,0.00617044791579247
26241,0.00435619195923209
26243,0.00712474389001727
26246,0.0415439307689667
26247,0.438583344221115
26250,0.0143208475783467
26254,0.0209557767957449
26257,0.00939114764332771
26261,0.0015845358138904
26262,0.00117529963608831
26276,0.100988790392876
26277,0.00300281238742173
26281,0.401447027921677
26283,0.00163762085139751
26286,0.0280461255460978
26287,0.0120192356407642
26290,0.640044808387756
26291,0.0104363467544317
26294,0.00729699386283755
26295,0.00383277866058052
26296,0.444370269775391
26298,0.0011567153269425
26303,0.000810524041298777
26304,0.00749428756535053
26321,0.130978152155876
26322,0.0179465673863888
26329,0.0312464497983456
26331,0.314673095941544
26333,0.0020249430090189
26334,0.0943286046385765
26337,0.00716692674905062
26347,0.00899970717728138
26348,0.141378551721573
26350,0.0140730263665319
26353,0.0867502167820931
26355,0.176309064030647
26356,0.141624167561531
26360,0.0174048505723476
26361,0.00406321231275797
26362,0.0192221868783236
26363,0.0198252554982901
26365,0.00256592803634703
26366,0.00752898352220655
26374,0.00395840685814619
26377,0.00626410311087966
26384,0.0151623105630279
26393,0.0162075702100992
26397,0.0267289616167545
26401,0.00140083977021277
26403,0.048242911696434
26406,0.0591493621468544
26409,0.0118954293429852
26410,0.00654874136671424
26411,0.000843075569719076
26412,0.00148744077887386
26416,0.0113188326358795
26417,0.00228220364078879
26426,0.0323515050113201
26429,0.495175987482071
26434,0.00177359068766236
26441,0.00862475391477346
26448,0.00578284775838256
26452,0.00903002358973026
26454,0.11023586243391
26455,0.005312520544976
26458,0.0226518381386995
26462,0.107001297175884
26464,0.211501717567444
26466,0.011714200489223
26467,0.0148289809003472
26469,0.000779276946559548
26472,0.00258964020758867
26474,0.0377060696482658
26475,0.0124195860698819
26478,0.00452166795730591
26481,0.291838765144348
26489,0.0029204033780843
26490,0.0241116713732481
26492,0.136660397052765
26497,0.0226749945431948
26506,0.0182568710297346
26508,0.0682718381285667
26514,0.00861306395381689
26520,0.104507863521576
26521,0.00500371819362044
26523,0.0139723597094417
26532,0.00385487102903426
26539,0.0577505268156529
26540,0.0301737375557423
26543,0.656845390796661
26544,0.00879691541194916
26549,0.00935722514986992
26556,0.357051432132721
26560,0.00946008041501045
26575,0.00740987062454224
26577,0.0288467723876238
26582,0.0226871613413095
26584,0.0233130864799023
26585,0.046942725777626
26588,0.0954410880804062
26593,0.0102270478382707
26594,0.00392312370240688
26604,0.146968752145767
26605,0.0976097956299782
26607,0.0064797792583704
26609,0.0417769998311996
26610,0.0039944457821548
26612,0.459924757480621
26617,0.0235487669706345
26622,0.00240700342692435
26624,0.159640714526176
26627,0.0022953397128731
26629,0.0111574372276664
26636,0.139638543128967
26638,0.0474232770502567
26639,0.00313976616598666
26640,0.00595023715868592
26651,0.00195859908126295
26653,0.100123837590218
26656,0.00253861164674163
26659,0.0149275101721287
26661,0.0948000401258469
26664,0.120864927768707
26672,0.0795385986566544
26675,0.492678552865982
26677,0.0140699567273259
26679,0.0117089999839664
26690,0.00200631283223629
26692,0.105963692069054
26694,0.0170988403260708
26709,0.0117999743670225
26710,0.2689308822155
26712,0.0031899728346616
26714,0.00191156473010778
26717,0.264275819063187
26718,0.0896497741341591
26720,0.00587810901924968
26723,0.0915685370564461
26724,0.011920384131372
26732,0.00521607836708427
26733,0.0239122919738293
26734,0.0109003428369761
26739,0.00630326196551323
26740,0.00476111378520727
26751,0.0268499683588743
26753,0.00503154518082738
26754,0.023488799110055
26755,0.12640754878521
26760,0.272142678499222
26762,0.00134237529709935
26765,0.0284133832901716
26766,0.0874123647809029
26767,0.00745590310543776
26775,0.499081760644913
26780,0.0792801231145859
26785,0.486173123121262
26786,0.08381038159132
26797,0.00686836242675781
26802,0.00570421665906906
26804,0.00996849499642849
26805,0.288485139608383
26807,0.0384347662329674
26812,0.00637306924909353
26814,0.067190982401371
26815,0.222824811935425
26821,0.0453251712024212
26826,0.017687177285552
26831,0.501498639583588
26834,0.0660936981439591
26836,0.0248129665851593
26837,0.00372587097808719
26842,0.284577608108521
26845,0.0283559150993824
26849,0.108790144324303
26850,0.51738977432251
26853,0.133294746279717
26861,0.0615839585661888
26865,0.00651885429397225
26868,0.141017481684685
26871,0.161274984478951
26874,0.00459774443879724
26875,0.390356630086899
26876,0.030422855168581
26878,0.10872894525528
26879,0.00983340665698051
26880,0.349983394145966
26884,0.190548837184906
26888,0.417202949523926
26889,0.000903672829736024
26892,0.00780681194737554
26900,0.00527533749118447
26902,0.00163473887369037
26908,0.000876621343195438
26910,0.0733766257762909
26913,0.00162157451268286
26914,0.000938547367695719
26918,0.0456038899719715
26919,0.00148574076592922
26922,0.00439110025763512
26924,0.148214489221573
26927,0.206803038716316
26932,0.132337957620621
26942,0.0698946937918663
26945,0.531436860561371
26950,0.0142937526106834
26955,0.399622768163681
26961,0.0206939280033112
26964,0.172813028097153
26966,0.511163294315338
26967,0.00735379662364721
26968,0.410427302122116
26970,0.3679478764534
26975,0.0311203859746456
26977,0.0606068521738052
26978,0.0797324404120445
26979,0.017921045422554
26981,0.00327725522220135
26983,0.00200927956029773
26985,0.00583587866276503
26987,0.0151415467262268
26989,0.359330385923386
26990,0.0012123464839533
26994,0.208760619163513
26995,0.204427197575569
26998,0.263292133808136
27001,0.49247208237648
27002,0.0474787764251232
27007,0.00216269865632057
27010,0.0120827853679657
27016,0.00633939635008574
27021,0.00468898052349687
27026,0.0156245399266481
27031,0.0612617433071137
27032,0.0241711996495724
27036,0.0361589416861534
27037,0.141038581728935
27040,0.0142554212361574
27043,0.00340728368610144
27046,0.0773868188261986
27053,0.00820211879909039
27054,0.00263000861741602
27061,0.560401320457459
27062,0.0384387783706188
27066,0.00555415032431483
27067,0.0226415265351534
27068,0.00167451077140868
27070,0.0146516235545278
27072,0.0231649633497
27075,0.13910673558712
27077,0.555895507335663
27089,0.373491793870926
27091,0.0369676202535629
27098,0.0303785316646099
27100,0.0136545803397894
27102,0.57101172208786
27103,0.114695638418198
27105,0.0302287023514509
27108,0.0781214237213135
27111,0.00109250168316066
27119,0.00785929802805185
27121,0.00140459893736988
27122,0.0501968413591385
27123,0.615171790122986
27125,0.0412490591406822
27136,0.00660771038383246
27141,0.00553125748410821
27144,0.00189477077219635
27147,0.00173118768725544
27151,0.0144140850752592
27157,0.0249145571142435
27162,0.0217324234545231
27167,0.0500407554209232
27168,0.0674205273389816
27175,0.012952908873558
27178,0.0973254442214966
27186,0.0630181878805161
27191,0.0015752031467855
27194,0.0104485126212239
27198,0.0144001031294465
27200,0.00136430864222348
27202,0.00407065777108073
27204,0.0121475020423532
27205,0.00812131259590387
27209,0.0122813768684864
27210,0.0276385210454464
27211,0.00121600739657879
27213,0.00405456498265266
27215,0.0737554356455803
27224,0.0269957315176725
27225,0.00734683498740196
27228,0.0371401011943817
27229,0.401467144489288
27235,0.55988621711731
27239,0.00738928094506264
27240,0.00188092689495534
27242,0.00485299620777369
27244,0.00487311882898212
27246,0.00421744585037231
27248,0.00965160317718983
27249,0.0239600222557783
27256,0.00192051928024739
27257,0.0146900732070208
27258,0.0230290163308382
27260,0.0563028305768967
27267,0.00679070688784123
27271,0.00494784722104669
27276,0.00726048508659005
27277,0.00169740873388946
27278,0.00140355585608631
27281,0.0229434221982956
27282,0.0272889081388712
27283,0.00194333400577307
27287,0.0157031267881393
27289,0.00569848064333201
27297,0.010224562138319
27301,0.00973170530050993
27310,0.0747618898749352
27316,0.000797261192929
27317,0.00195935321971774
27318,0.00444881245493889
27320,0.00321410945616663
27321,0.00354717229492962
27322,0.0332411713898182
27323,0.0045130648650229
27326,0.00107528467196971
27327,0.0449481904506683
27328,0.00169694086071104
27332,0.113777987658978
27341,0.00379151524975896
27342,0.0253918245434761
27343,0.101578935980797
27349,0.472498506307602
27358,0.0178769398480654
27362,0.0472718812525272
27368,0.00209486181847751
27371,0.00520326336845756
27372,0.012211904861033
27373,0.0157753936946392
27375,0.00075327098602429
27377,0.589617073535919
27378,0.102953545749187
27379,0.720598101615906
27385,0.00537177082151175
27386,0.044461514800787
27391,0.0224144868552685
27396,0.00714906817302108
27398,0.00128687708638608
27400,0.00143880862742662
27403,0.0946758612990379
27406,0.363605409860611
27411,0.00213423394598067
27412,0.00516765285283327
27414,0.001388527918607
27419,0.333839505910873
27424,0.00401252973824739
27425,0.000661386933643371
27426,0.00290044257417321
27432,0.391579240560532
27435,0.0116872694343328
27440,0.546319544315338
27446,0.420013308525085
27447,0.00427823700010777
27448,0.00384678784757853
27451,0.00168326788116246
27453,0.00145087391138077
27455,0.018232811242342
27457,0.00124460144434124
27464,0.0607375353574753
27465,0.00289792823605239
27466,0.0166205819696188
27469,0.0378953106701374
27470,0.272275924682617
27471,0.0325386375188828
27472,0.0175663474947214
27473,0.00981191080063581
27475,0.01306361425668
27477,0.0231709852814674
27481,0.276586711406708
27483,0.00908846314996481
27485,0.03931949660182
27489,0.00621488085016608
27491,0.230834990739822
27492,0.000903876381926239
27493,0.0010970247676596
27494,0.0152924750000238
27501,0.00215547136031091
27506,0.0688288509845734
27509,0.0379845723509789
27512,0.0266551785171032
27514,0.00375557621009648
27520,0.00508568901568651
27527,0.114031203091145
27529,0.00351129961200058
27530,0.0140331853181124
27531,0.0121383043006063
27538,0.00139604788273573
27540,0.503432929515839
27552,0.434680610895157
27553,0.000999090843833983
27554,0.428371489048004
27555,0.100355997681618
27557,0.00877996347844601
27558,0.00625505298376083
27563,0.179877191781998
27564,0.0111241219565272
27568,0.603162229061127
27571,0.0185824539512396
27573,0.0198029652237892
27581,0.0134620489552617
27582,0.00155014498159289
27583,0.0120307467877865
27584,0.07681705057621
27587,0.0140624241903424
27592,0.0537724010646343
27593,0.00168045039754361
27604,0.0724353939294815
27605,0.000835985178127885
27607,0.00142947921995074
27613,0.0302079301327467
27617,0.00203368347138166
27618,0.00934949330985546
27621,0.000961509707849473
27622,0.00191648374311626
27624,0.0427566580474377
27628,0.0326558500528336
27633,0.00120505981612951
27634,0.0021079326979816
27637,0.0176322776824236
27638,0.00117954367306083
27640,0.0285026971250773
27641,0.0115056484937668
27642,0.00192411942407489
27645,0.00269943103194237
27651,0.000977546442300081
27652,0.0365582630038261
27657,0.00117360474541783
27658,0.0162554867565632
27661,0.00138016603887081
27666,0.00268412404693663
27667,0.00131860945839435
27668,0.000814535887911916
27669,0.13304303586483
27672,0.017467288300395
27676,0.010354177094996
27677,0.00347048765979707
27678,0.000971835397649556
27679,0.000976723502390087
27685,0.00159177382010967
27690,0.0150675028562546
27693,0.0760863423347473
27694,0.0075263655744493
27696,0.00817681476473808
27699,0.544173121452332
27700,0.00194867292884737
27703,0.00104746595025063
27708,0.0129421772435308
27715,0.00950204394757748
27717,0.00196306523866951
27720,0.158231288194656
27723,0.0103512275964022
27726,0.0556320771574974
27729,0.16799733042717
27730,0.0028895961586386
27731,0.0382934212684631
27737,0.0227801147848368
27745,0.0132253114134073
27752,0.562199413776398
27756,0.00789748225361109
27758,0.0140827605500817
27762,0.206229045987129
27774,0.0617775619029999
27775,0.0153312990441918
27776,0.129972964525223
27778,0.609428942203522
27779,0.00612046616151929
27785,0.0794417709112167
27788,0.0741958916187286
27792,0.0124345729127526
27798,0.0632631778717041
27799,0.0187631770968437
27811,0.0248636920005083
27812,0.0213502440601587
27815,0.0536292195320129
27817,0.0132891284301877
27819,0.0313246324658394
27820,0.0496347397565842
27822,0.172740995883942
27831,0.111624799668789
27839,0.111508384346962
27840,0.023211196064949
27851,0.00796089507639408
27856,0.0957637131214142
27857,0.0201731752604246
27859,0.0392125025391579
27860,0.00696456339210272
27865,0.0691267848014832
27875,0.0291873253881931
27883,0.00205906480550766
27885,0.00203296355903149
27886,0.542231798171997
27888,0.28371649980545
27894,0.00295826559886336
27900,0.0409217588603497
27911,0.00592939974740148
27914,0.0751675218343735
27917,0.486036002635956
27923,0.0209661237895489
27924,0.0224023386836052
27926,0.0257329996675253
27928,0.00195559812709689
27929,0.029943261295557
27930,0.00237602833658457
27931,0.0386011451482773
27937,0.0191789045929909
27938,0.015669884160161
27939,0.00369965750724077
27940,0.0216075498610735
27944,0.0217428617179394
27951,0.0642870292067528
27952,0.0016306962352246
27956,0.00652884598821402
27957,0.0154153350740671
27961,0.107012555003166
27967,0.00740686571225524
27974,0.00703573040664196
27975,0.664544343948364
27976,0.431960552930832
27978,0.104302324354649
27981,0.122358128428459
27983,0.0150848720222712
27989,0.0125492149963975
27993,0.0393740274012089
27995,0.0444662645459175
27996,0.0209159515798092
27998,0.460835248231888
28002,0.478630095720291
28003,0.0296853482723236
28004,0.0155258104205132
28005,0.0565857850015163
28006,0.0353750698268414
28007,0.0328819490969181
28019,0.0042662201449275
28020,0.177577555179596
28022,0.0356701351702213
28023,0.0141166914254427
28024,0.0201537683606148
28025,0.11964476108551
28027,0.0253561567515135
28028,0.085546649992466
28029,0.0134689975529909
28031,0.0341944098472595
28034,0.00789906270802021
28046,0.0254858285188675
28048,0.00607660645619035
28049,0.0332168005406857
28051,0.0134372152388096
28055,0.0662128627300263
28062,0.196562647819519
28065,0.488498866558075
28069,0.00950222834944725
28070,0.0300312619656324
28073,0.0695694386959076
28074,0.0356918834149838
28081,0.00752045121043921
28086,0.00893551018089056
28087,0.00551193160936236
28095,0.144865468144417
28099,0.472702026367188
28103,0.0912332609295845
28108,0.0156965982168913
28112,0.00287798279896379
28115,0.031702782958746
28117,0.0671368911862373
28118,0.103448525071144
28120,0.0340742692351341
28127,0.0764850080013275
28128,0.162419229745865
28132,0.0233313236385584
28135,0.0265528000891209
28136,0.00925204996019602
28141,0.037731260061264
28142,0.0291356667876244
28149,0.0242091026157141
28151,0.0102858832105994
28153,0.0583775490522385
28155,0.0139487311244011
28157,0.00273132394067943
28159,0.0127690304070711
28161,0.0349906273186207
28162,0.115803189575672
28163,0.060065932571888
28165,0.00480671366676688
28170,0.0148158613592386
28176,0.111600667238235
28178,0.0067693660967052
28179,0.0139248445630074
28181,0.02385563403368
28183,0.0690396279096603
28188,0.080452598631382
28189,0.235122859477997
28192,0.0413564965128899
28194,0.0158980041742325
28197,0.00650890590623021
28203,0.0426826067268848
28205,0.00153567909728736
28209,0.0105540538206697
28215,0.0511175245046616
28221,0.102593876421452
28222,0.00492745544761419
28223,0.0106674460694194
28224,0.0147364549338818
28229,0.028978368267417
28231,0.00403245678171515
28233,0.0218952987343073
28234,0.0131870079785585
28235,0.00510572036728263
28244,0.602978765964508
28247,0.0202728249132633
28249,0.0115584759041667
28250,0.0244513675570488
28253,0.0442941598594189
28254,0.00358486967161298
28255,0.00613668188452721
28258,0.0245838742703199
28259,0.00215851538814604
28261,0.0100122708827257
28264,0.046925351023674
28266,0.0517832078039646
28273,0.0103959599509835
28275,0.557066917419434
28277,0.00201872363686562
28281,0.00599197717383504
28282,0.0428050570189953
28287,0.0523226261138916
28289,0.533783793449402
28292,0.00800525117665529
28294,0.0179153811186552
28296,0.474225014448166
28299,0.0689837336540222
28302,0.00390855316072702
28303,0.00640637008473277
28306,0.00816557370126247
28307,0.00776936393231154
28309,0.00301496800966561
28312,0.00476438878104091
28315,0.00881726574152708
28316,0.0124954944476485
28322,0.0729819014668465
28323,0.266188025474548
28326,0.00164155929815024
28327,0.00938322022557259
28329,0.00214132689870894
28331,0.0120626129209995
28333,0.0696751996874809
28334,0.0014200615696609
28336,0.0827598199248314
28338,0.00609517842531204
28342,0.00407535210251808
28346,0.111106775701046
28347,0.121103882789612
28350,0.00727595714852214
28353,0.0176083240658045
28354,0.464248985052109
28359,0.502631008625031
28360,0.026156110689044
28369,0.0225117020308971
28371,0.554184079170227
28373,0.00216698669828475
28374,0.0219413917511702
28375,0.00899573601782322
28376,0.0113783627748489
28378,0.076294057071209
28380,0.0092139570042491
28381,0.0416852533817291
28383,0.0173694770783186
28384,0.00131417182274163
28385,0.260766178369522
28388,0.128679722547531
28389,0.0213481206446886
28392,0.00271619157865644
28395,0.0173873510211706
28397,0.00228482624515891
28402,0.0672392174601555
28403,0.00418441090732813
28407,0.0572005547583103
28408,0.0110172536224127
28410,0.00179212354123592
28411,0.0275997072458267
28414,0.0319124720990658
28418,0.0112123154103756
28421,0.0195289645344019
28427,0.00215880200266838
28428,0.056785237044096
28430,0.0579708218574524
28440,0.00181350018829107
28441,0.036585658788681
28442,0.0412023477256298
28443,0.00906989630311728
28446,0.0279607120901346
28447,0.0215082615613937
28449,0.0321869254112244
28451,0.00152004882693291
28456,0.00616317102685571
28458,0.0530490055680275
28461,0.120382100343704
28465,0.0140481973066926
28471,0.0208153035491705
28474,0.0643152296543121
28475,0.0375566147267818
28477,0.014207118190825
28478,0.0109101412817836
28480,0.012646371498704
28481,0.0132600041106343
28490,0.0175906717777252
28492,0.0479105226695538
28494,0.422470152378082
28495,0.00207458552904427
28499,0.00195997999981046
28503,0.028166214004159
28504,0.185738205909729
28508,0.106984585523605
28510,0.0327241569757462
28511,0.0591396205127239
28513,0.0281650759279728
28517,0.00407001795247197
28521,0.0100012924522161
28531,0.0233055800199509
28532,0.0257232952862978
28538,0.0717287287116051
28539,0.0211573056876659
28543,0.0292055830359459
28547,0.0457730330526829
28550,0.0161272194236517
28554,0.0424798130989075
28557,0.0173585023730993
28564,0.015846461057663
28565,0.00491677783429623
28566,0.0349051430821419
28571,0.00739341275766492
28572,0.214650973677635
28578,0.0618950016796589
28583,0.00405548932030797
28585,0.0344388373196125
28588,0.022747041657567
28589,0.0710050389170647
28590,0.0862925872206688
28591,0.0186924487352371
28593,0.00696490705013275
28601,0.477990865707398
28602,0.023843839764595
28615,0.0272140149027109
28616,0.025774858891964
28617,0.171329364180565
28618,0.0373582653701305
28621,0.0558096058666706
28623,0.0169328898191452
28627,0.0311333741992712
28629,0.0372606515884399
28630,0.228731721639633
28632,0.0234003104269505
28642,0.00791410636156797
28646,0.38817697763443
28647,0.0455983728170395
28650,0.0813552141189575
28652,0.124026976525784
28657,0.182017266750336
28659,0.00583652872592211
28663,0.00488203158602119
28666,0.0331232324242592
28670,0.00433170329779387
28671,0.0108176013454795
28672,0.0107153598219156
28680,0.0688514411449432
28683,0.00304072047583759
28690,0.649580240249634
28691,0.0174224656075239
28693,0.159543469548225
28695,0.0751390606164932
28702,0.0129370978102088
28704,0.0887220352888107
28705,0.0914979949593544
28707,0.0345322489738464
28708,0.0225484129041433
28709,0.0329159386456013
28710,0.0304031521081924
28711,0.594606637954712
28715,0.00375971384346485
28721,0.0162685830146074
28722,0.0618036165833473
28726,0.0129533838480711
28730,0.0256418827921152
28736,0.00533937988802791
28738,0.363572806119919
28739,0.126149713993073
28741,0.0469412878155708
28742,0.0433645024895668
28745,0.014257594011724
28749,0.0229025930166245
28750,0.00133137207012624
28751,0.0154712283983827
28761,0.0252223405987024
28762,0.0213204342871904
28763,0.00510796578601003
28765,0.0175560638308525
28767,0.010132166557014
28774,0.0453966371715069
28775,0.0371977016329765
28776,0.00146779546048492
28778,0.125957995653152
28781,0.0192886125296354
28782,0.0209982097148895
28783,0.338273972272873
28786,0.679914116859436
28791,0.345031142234802
28793,0.0172015037387609
28795,0.249147295951843
28797,0.213366657495499
28799,0.0458290092647076
28809,0.137998849153519
28810,0.0453372932970524
28811,0.0496308170258999
28812,0.0268086288124323
28823,0.280679255723953
28824,0.0182297341525555
28825,0.0113689796999097
28829,0.0155431227758527
28840,0.514255404472351
28843,0.0167209394276142
28845,0.0627668499946594
28847,0.00588246807456017
28848,0.0528697818517685
28851,0.0168282426893711
28852,0.0256380308419466
28853,0.0392019301652908
28855,0.0320977978408337
28867,0.0719708725810051
28868,0.0801332518458366
28869,0.0644115880131722
28872,0.0282576065510511
28873,0.470643430948257
28884,0.118434131145477
28888,0.00450310576707125
28890,0.0304232072085142
28891,0.0771807581186295
28892,0.050302617251873
28894,0.0313694439828396
28897,0.00351050752215087
28899,0.0665443539619446
28901,0.0407611168920994
28902,0.540512502193451
28906,0.0104488283395767
28907,0.277540355920792
28911,0.00250582559965551
28912,0.0262283850461245
28914,0.026183744892478
28916,0.011331994086504
28926,0.024983786046505
28929,0.0170930158346891
28934,0.00354946521110833
28938,0.222497403621674
28940,0.16749307513237
28941,0.00308827636763454
28946,0.567173957824707
28952,0.0170028507709503
28954,0.245506227016449
28956,0.113289155066013
28959,0.747344017028809
28960,0.0918169394135475
28964,0.034326009452343
28968,0.0160069763660431
28969,0.0236353762447834
28971,0.0177012514322996
28974,0.0268387384712696
28975,0.0130368489772081
28978,0.537001252174377
28990,0.0885974690318108
28993,0.0120569989085197
28996,0.084650993347168
28999,0.0248979050666094
29001,0.1778634339571
29003,0.135625645518303
29005,0.0581512935459614
29015,0.01069709751755
29018,0.269061475992203
29021,0.0547381415963173
29022,0.0369571596384048
29033,0.0615227185189724
29035,0.502521216869354
29037,0.408153831958771
29044,0.00589814595878124
29047,0.422534942626953
29049,0.0306918360292912
29051,0.0382946208119392
29055,0.199898183345795
29061,0.109600566327572
29062,0.0814946964383125
29064,0.0389103703200817
29066,0.00808075536042452
29072,0.106171011924744
29076,0.0279414914548397
29082,0.0380260534584522
29083,0.0632614716887474
29084,0.0161068104207516
29085,0.00688925245776773
29088,0.0483462698757649
29092,0.181853219866753
29096,0.0161508582532406
29110,0.0526951514184475
29113,0.097484290599823
29119,0.112851418554783
29123,0.0305489543825388
29128,0.223960787057877
29129,0.0384775698184967
29132,0.0648951828479767
29142,0.00391816254705191
29143,0.0318497903645039
29149,0.0961378067731857
29155,0.00641143787652254
29158,0.0730523839592934
29162,0.055006168782711
29166,0.203390091657639
29170,0.0547569803893566
29171,0.196802258491516
29172,0.00456998404115439
29177,0.0414473153650761
29179,0.0512268953025341
29184,0.308219730854034
29185,0.139090225100517
29193,0.0181067604571581
29196,0.162303611636162
29202,0.027905561029911
29217,0.0189317502081394
29220,0.064774677157402
29221,0.0285940021276474
29233,0.201302513480186
29236,0.132521331310272
29237,0.00845194235444069
29240,0.00922399200499058
29248,0.00728747015818954
29253,0.0237813089042902
29255,0.037136223167181
29257,0.0539932362735272
29259,0.0479244217276573
29261,0.214130595326424
29270,0.218712642788887
29271,0.0537918135523796
29274,0.541050851345062
29277,0.0437302850186825
29284,0.172053307294846
29292,0.160969525575638
29293,0.187973007559776
29298,0.0109395356848836
29302,0.0880269780755043
29304,0.0730224102735519
29305,0.0592399686574936
29308,0.0142753832042217
29309,0.118704475462437
29316,0.127246126532555
29320,0.012160761281848
29331,0.012166072614491
29333,0.0606333948671818
29339,0.0274861734360456
29342,0.376267343759537
29344,0.15524186193943
29350,0.140061512589455
29351,0.0148567734286189
29352,0.0586165189743042
29353,0.0127396760508418
29354,0.00161008373834193
29355,0.00994696002453566
29359,0.0958473160862923
29361,0.0193731747567654
29364,0.0212273206561804
29367,0.0958209186792374
29369,0.0390075631439686
29370,0.114244796335697
29372,0.0149609996005893
29380,0.166160270571709
29381,0.00730426097288728
29387,0.0225237309932709
29392,0.423888951539993
29393,0.0359410494565964
29394,0.138465225696564
29395,0.130969643592834
29397,0.569270849227905
29398,0.242321014404297
29408,0.0602095387876034
29413,0.121382154524326
29414,0.104103364050388
29417,0.0638968348503113
29420,0.0374498590826988
29424,0.0329158864915371
29425,0.00352467759512365
29429,0.526013791561127
29430,0.441300004720688
29432,0.029662486165762
29435,0.111662298440933
29436,0.0854484662413597
29439,0.00850948505103588
29441,0.0309547707438469
29443,0.00395836355164647
29445,0.0445208884775639
29450,0.231320127844811
29462,0.319794088602066
29463,0.107555896043777
29464,0.069579504430294
29466,0.185096278786659
29469,0.0861508771777153
29472,0.0076295486651361
29476,0.0536808259785175
29479,0.0722706317901611
29490,0.0748078674077988
29492,0.0276563931256533
29493,0.600144028663635
29494,0.05714987590909
29498,0.0403262786567211
29502,0.477370709180832
29509,0.436330795288086
29513,0.0265640299767256
29519,0.0331433527171612
29525,0.636122643947601
29528,0.0327081903815269
29529,0.192573890089989
29532,0.0610477402806282
29533,0.00343443942256272
29537,0.502518653869629
29547,0.272903949022293
29561,0.100067116320133
29565,0.00580240786075592
29572,0.229561731219292
29573,0.163564831018448
29575,0.0169048551470041
29577,0.00550146028399468
29578,0.288691461086273
29579,0.0950336158275604
29580,0.076044000685215
29583,0.202237650752068
29584,0.0149997975677252
29586,0.0845983549952507
29590,0.014653648249805
29595,0.0427109375596046
29597,0.00187267048750073
29603,0.319668024778366
29611,0.00973306130617857
29614,0.724261522293091
29616,0.161639794707298
29619,0.097276970744133
29623,0.00491299061104655
29624,0.0020263222977519
29627,0.0130169549956918
29635,0.0647190064191818
29637,0.543487846851349
29642,0.311596035957336
29643,0.0488831885159016
29645,0.039366003125906
29646,0.304147481918335
29647,0.147489875555038
29653,0.00376692903228104
29659,0.488883137702942
29661,0.0413690581917763
29664,0.212999522686005
29669,0.118219286203384
29670,0.441463708877564
29673,0.0665232166647911
29676,0.00476002274081111
29679,0.0724862739443779
29680,0.0146637167781591
29689,0.0877769067883492
29691,0.0461953803896904
29692,0.00281111802905798
29695,0.185219213366508
29700,0.0926130786538124
29705,0.225253134965897
29707,0.107650727033615
29708,0.049003291875124
29711,0.275167226791382
29715,0.00358066498301923
29722,0.0211940594017506
29724,0.00854102708399296
29727,0.0994918420910835
29736,0.017349386587739
29742,0.0107777379453182
29744,0.0228984579443932
29766,0.00569653045386076
29767,0.0616057813167572
29769,0.0684485509991646
29770,0.0542865097522736
29772,0.00187061727046967
29775,0.0295063853263855
29778,0.0304742846637964
29783,0.193818658590317
29784,0.0474751442670822
29787,0.0667355582118034
29789,0.0372854694724083
29790,0.0549857690930367
29791,0.0015574871795252
29796,0.0176223106682301
29802,0.00891788490116596
29809,0.0432428158819675
29811,0.0274060051888227
29818,0.00319631234742701
29819,0.0965886786580086
29824,0.541181147098541
29826,0.00220256391912699
29828,0.0389897376298904
29829,0.164132013916969
29830,0.0312375780194998
29832,0.121015518903732
29839,0.340790390968323
29840,0.0211994014680386
29844,0.00217098766006529
29845,0.56227058172226
29847,0.0751126408576965
29848,0.0566084831953049
29850,0.470895826816559
29851,0.0430884212255478
29861,0.0256488248705864
29863,0.00325465342029929
29867,0.247355312108994
29868,0.0315720215439796
29869,0.0337365157902241
29874,0.00232358579523861
29879,0.0240201056003571
29883,0.658314228057861
29885,0.035891730338335
29888,0.0173854045569897
29891,0.00522773806005716
29892,0.00146384863182902
29893,0.0192008428275585
29896,0.59333199262619
29898,0.0554753094911575
29903,0.179182827472687
29904,0.016421090811491
29907,0.123552575707436
29909,0.161811321973801
29912,0.0219910815358162
29923,0.0629330724477768
29939,0.120796285569668
29943,0.17711541056633
29946,0.037859708070755
29948,0.00669887056574225
29949,0.151291817426682
29952,0.0236434880644083
29954,0.0577318817377091
29959,0.0588487312197685
29969,0.349461555480957
29974,0.00663124863058329
29976,0.0683910176157951
29978,0.0404265001416206
29979,0.222193598747253
29980,0.585357785224915
29981,0.0235816333442926
29990,0.00630810856819153
29992,0.0528044663369656
29995,0.0301316324621439
29997,0.0475704446434975
29998,0.0592472851276398
30000,0.236722812056541
30003,0.144776955246925
30004,0.200001806020737
30008,0.0314731858670712
30009,0.0363882854580879
30011,0.210106581449509
30012,0.530411779880524
30016,0.0500947758555412
30017,0.0302302595227957
30018,0.0155283967033029
30021,0.056103453040123
30027,0.0932400450110435
30031,0.0744256898760796
30033,0.0319997072219849
30034,0.00456082867458463
30040,0.00252563483081758
30041,0.0497208498418331
30042,0.0375114865601063
30045,0.00710787111893296
30046,0.265899419784546
30048,0.356346160173416
30050,0.0673597753047943
30052,0.156553119421005
30054,0.343760550022125
30056,0.0236339848488569
30061,0.20752739906311
30068,0.0697086974978447
30085,0.00220030569471419
30095,0.0204041637480259
30097,0.105337604880333
30102,0.054638534784317
30107,0.0710597708821297
30108,0.00927826855331659
30114,0.119420744478703
30115,0.00285489647649229
30116,0.0331271663308144
30119,0.0369921252131462
30121,0.0868221372365952
30122,0.117766343057156
30127,0.0172226931899786
30129,0.00297693978063762
30132,0.586941003799439
30134,0.00242368038743734
30137,0.0254441816359758
30142,0.689553618431091
30144,0.0102885141968727
30148,0.0412734784185886
30150,0.638694524765015
30161,0.0107391532510519
30162,0.0984029024839401
30175,0.399408161640167
30176,0.0356414988636971
30180,0.00591519149020314
30181,0.372915387153626
30183,0.033928394317627
30188,0.0359438918530941
30189,0.00153943651821464
30191,0.13272713124752
30200,0.0534368716180325
30201,0.0121107818558812
30203,0.16581417620182
30204,0.00262701348401606
30216,0.651038944721222
30222,0.147822871804237
30223,0.00338576012291014
30226,0.361564844846725
30227,0.0289931297302246
30230,0.120189994573593
30231,0.0150250690057874
30233,0.0170163325965405
30234,0.0788385197520256
30236,0.0777965039014816
30243,0.0379261113703251
30247,0.0616442151367664
30248,0.0951824635267258
30249,0.00196493719704449
30253,0.00127894442994148
30258,0.0286688655614853
30260,0.0384712107479572
30266,0.00180327193811536
30267,0.0232930090278387
30268,0.03617999330163
30269,0.0254096649587154
30272,0.0574384480714798
30275,0.00323549727909267
30280,0.00257280678488314
30283,0.0904572233557701
30284,0.0142397377640009
30285,0.0115075139328837
30291,0.142619922757149
30293,0.131028205156326
30294,0.741368412971497
30295,0.0979115143418312
30298,0.074241541326046
30308,0.00189031311310828
30309,0.103575654327869
30317,0.00341442390345037
30319,0.0338541567325592
30322,0.0243934597820044
30325,0.322469353675842
30327,0.489709824323654
30330,0.0301654282957315
30343,0.0894220769405365
30350,0.0227435436099768
30356,0.00170829822309315
30357,0.0107304034754634
30368,0.0739918276667595
30369,0.132703259587288
30376,0.145249798893929
30380,0.044793888926506
30382,0.0503641478717327
30390,0.0300809573382139
30397,0.0473200008273125
30400,0.180870592594147
30402,0.0213224925100803
30403,0.0548391602933407
30407,0.00287150102667511
30413,0.217448905110359
30421,0.0112872654572129
30422,0.225204005837441
30425,0.0130107942968607
30426,0.00231638643890619
30432,0.0275366809219122
30433,0.0372933112084866
30438,0.0147085739299655
30441,0.214283987879753
30448,0.351039946079254
30450,0.0101062497124076
30451,0.0626918151974678
30453,0.109697133302689
30456,0.286571860313416
30458,0.0160733629018068
30461,0.521926462650299
30462,0.109704799950123
30467,0.329280912876129
30469,0.0519610531628132
30472,0.0893774181604385
30474,0.0383075475692749
30475,0.00930141843855381
30476,0.0182724632322788
30483,0.00509546278044581
30491,0.00864714942872524
30496,0.0256588775664568
30498,0.237838730216026
30504,0.0518474243581295
30505,0.14153029024601
30506,0.0303907729685307
30507,0.0893384665250778
30509,0.737286388874054
30511,0.428991585969925
30513,0.0242471378296614
30517,0.50056391954422
30518,0.0602342560887337
30519,0.00978907942771912
30520,0.0872260630130768
30523,0.0915023982524872
30530,0.00484580267220736
30537,0.10321968793869
30542,0.0163712743669748
30543,0.337556272745132
30545,0.0523531436920166
30548,0.0195892807096243
30552,0.123644270002842
30553,0.0890008136630058
30556,0.127040445804596
30557,0.0689780041575432
30558,0.0406231060624123
30560,0.220702365040779
30561,0.0357900820672512
30563,0.235706299543381
30567,0.108140699565411
30569,0.0338011458516121
30570,0.00290198740549386
30572,0.0335659869015217
30574,0.00222398457117379
30581,0.00113193201832473
30585,0.181490331888199
30586,0.0676937028765678
30589,0.0391748584806919
30590,0.0133291855454445
30597,0.0443407744169235
30599,0.0417984910309315
30605,0.00281328824348748
30606,0.0190029721707106
30607,0.0402176342904568
30626,0.0558973550796509
30627,0.00393736502155662
30628,0.521177887916565
30629,0.178959414362907
30630,0.0202791411429644
30634,0.300856381654739
30635,0.141798064112663
30637,0.00234018685296178
30638,0.219810038805008
30643,0.00394730735570192
30649,0.0356357917189598
30650,0.008140136487782
30651,0.0755623057484627
30652,0.0487528182566166
30660,0.0586238317191601
30661,0.0105161089450121
30668,0.13862219452858
30682,0.0215787664055824
30686,0.0113225746899843
30688,0.0939705669879913
30689,0.00218922412022948
30690,0.00490974169224501
30703,0.0277716275304556
30705,0.0029925131238997
30710,0.0205133445560932
30711,0.0083829378709197
30713,0.0599594004452229
30714,0.0353494845330715
30715,0.47310534119606
30720,0.0208504293113947
30722,0.0495965071022511
30724,0.0259941406548023
30726,0.0333328917622566
30729,0.0520900934934616
30732,0.0100018968805671
30738,0.256806224584579
30741,0.00274144764989615
30744,0.00195552548393607
30746,0.0368254259228706
30748,0.496056914329529
30750,0.00324937491677701
30752,0.0859620273113251
30753,0.0561279989778996
30758,0.090894527733326
30759,0.00191973254550248
30762,0.0889872387051582
30766,0.00171690387651324
30767,0.00125700584612787
30768,0.00253305025398731
30770,0.0208174716681242
30771,0.0701930299401283
30775,0.0034608650021255
30777,0.0357442907989025
30781,0.0683958157896996
30786,0.00682612042874098
30799,0.236036315560341
30800,0.214221820235252
30801,0.00686706136912108
30804,0.106820002198219
30805,0.0189872402697802
30809,0.00391646008938551
30813,0.00444042962044477
30820,0.0564637184143066
30822,0.00463844789192081
30823,0.0049218125641346
30826,0.0544365495443344
30829,0.00814918149262667
30834,0.00402750354260206
30837,0.00392685923725367
30838,0.00317079084925354
30839,0.0028193760663271
30841,0.00422991625964642
30848,0.00346748088486493
30849,0.0297369696199894
30850,0.446113377809525
30851,0.07539302110672
30855,0.0111335720866919
30860,0.664880454540253
30861,0.0208128895610571
30862,0.0138000287115574
30863,0.0499060526490212
30866,0.787211120128632
30873,0.00277335662394762
30876,0.0568055361509323
30877,0.00418781023472548
30880,0.00756540987640619
30883,0.00315479794517159
30885,0.0103297317400575
30887,0.789457738399506
30888,0.00466672843322158
30889,0.095278188586235
30890,0.0531591325998306
30891,0.0291536189615726
30892,0.0136768650263548
30899,0.0890493094921112
30903,0.00427668122574687
30909,0.0154097061604261
30918,0.183228582143784
30924,0.00301399081945419
30926,0.0582353137433529
30927,0.0659968331456184
30928,0.0472964234650135
30931,0.00388450617901981
30935,0.0107502229511738
30944,0.0307711306959391
30951,0.00720571028068662
30954,0.0298389419913292
30957,0.00849674828350544
30958,0.0241324435919523
30960,0.769280195236206
30965,0.00493603199720383
30967,0.00497673638164997
30968,0.727968215942383
30970,0.0794175863265991
30972,0.131187289953232
30973,0.168728709220886
30986,0.0808189958333969
30988,0.0522733964025974
30989,0.0139980437234044
30991,0.0076846182346344
30993,0.506187677383423
30994,0.035691037774086
30995,0.00839542970061302
30996,0.0193126369267702
31001,0.505128979682922
31002,0.71819394826889
31006,0.343309640884399
31009,0.0989832580089569
31011,0.213187679648399
31014,0.0714591518044472
31019,0.204373583197594
31021,0.557880342006683
31023,0.234920501708984
31024,0.0343008190393448
31025,0.0315756797790527
31026,0.0859987139701843
31027,0.100812539458275
31040,0.00307353003881872
31043,0.0769293606281281
31045,0.03165403008461
31046,0.0942746251821518
31047,0.143692046403885
31054,0.514693319797516
31058,0.125966474413872
31064,0.300788283348084
31065,0.0326755680143833
31066,0.508182227611542
31072,0.389654010534287
31074,0.180311903357506
31075,0.157008200883865
31079,0.0248532984405756
31083,0.1781986951828
31084,0.0708417445421219
31086,0.0862523466348648
31087,0.500986158847809
31088,0.0607775524258614
31091,0.311671555042267
31093,0.0795086622238159
31094,0.806574642658234
31100,0.643095195293427
31106,0.281155556440353
31110,0.196727693080902
31111,0.156402483582497
31113,0.0504653640091419
31117,0.440388113260269
31118,0.70455527305603
31125,0.681709051132202
31129,0.0185337327420712
31135,0.307895839214325
31140,0.0806502401828766
31141,0.140420094132423
31143,0.125707820057869
31144,0.17729863524437
31147,0.0675501599907875
31148,0.233722478151321
31150,0.746668457984924
31153,0.197862833738327
31156,0.193078398704529
31165,0.168055385351181
31166,0.323674261569977
31168,0.0495931580662727
31169,0.0426644012331963
31171,0.0846623405814171
31177,0.0279383566230536
31180,0.0024260173086077
31187,0.00958776194602251
31189,0.226611286401749
31199,0.253602743148804
31201,0.0914414077997208
31206,0.125434830784798
31208,0.629901826381683
31209,0.108603835105896
31211,0.48217186331749
31213,0.470378667116165
31214,0.132293820381165
31219,0.506677448749542
31220,0.232591524720192
31221,0.0287528224289417
31223,0.704489707946777
31224,0.0667250901460648
31240,0.455899745225906
31246,0.456569314002991
31247,0.832980811595917
31251,0.756588876247406
31254,0.17966665327549
31256,0.0859275460243225
31260,0.266467183828354
31261,0.0783517137169838
31262,0.602534234523773
31265,0.104192540049553
31270,0.139308199286461
31277,0.541493833065033
31281,0.783730387687683
31282,0.881316244602203
31283,0.197976142168045
31285,0.133562415838242
31288,0.0696055963635445
31289,0.140975058078766
31290,0.156363248825073
31293,0.145218297839165
31294,0.159642189741135
31295,0.200359851121902
31298,0.0599222779273987
31302,0.378332376480103
31305,0.0395364798605442
31307,0.119703970849514
31311,0.165458604693413
31318,0.0627176389098167
31319,0.0915299132466316
31336,0.232404947280884
31339,0.846592366695404
31342,0.0452015660703182
31345,0.152287676930428
31346,0.0270431619137526
31347,0.222321704030037
31351,0.30762991309166
31355,0.502259492874146
31359,0.396676778793335
31365,0.301122099161148
31368,0.271756917238235
31370,0.334965914487839
31374,0.439518749713898
31375,0.336562156677246
31376,0.0479270666837692
31378,0.258421689271927
31382,0.613994479179382
31383,0.0611232295632362
31385,0.0954801365733147
31388,0.0437680780887604
31389,0.097452387213707
31391,0.153852999210358
31395,0.657453298568726
31396,0.182725995779037
31400,0.474330008029938
31407,0.290583848953247
31408,0.826650202274323
31409,0.0537437424063683
31412,0.168165385723114
31426,0.779522001743317
31428,0.815788447856903
31429,0.55112099647522
31431,0.436002641916275
31434,0.715315163135529
31435,0.446513921022415
31438,0.16035595536232
31439,0.0329725667834282
31444,0.914997577667236
31446,0.0345496721565723
31447,0.931046605110168
31450,0.0713465362787247
31451,0.221615627408028
31453,0.276926100254059
31459,0.300750762224197
31464,0.225520849227905
31466,0.031127417460084
31469,0.319279044866562
31471,0.0481144674122334
31473,0.438237130641937
31476,0.351089954376221
31477,0.491169780492783
31480,0.112905070185661
31484,0.116659231483936
31488,0.056784562766552
31494,0.0137514295056462
31498,0.404835432767868
31507,0.206353530287743
31508,0.127538338303566
31511,0.140884950757027
31527,0.45329487323761
31533,0.0258987862616777
31534,0.114415146410465
31538,0.0675428360700607
31542,0.291243255138397
31550,0.0341476388275623
31553,0.2037323564291
31560,0.269247323274612
31561,0.224680975079536
31563,0.0246771443635225
31564,0.0343484468758106
31574,0.482121795415878
31577,0.0673937723040581
31582,0.0468215197324753
31584,0.166494786739349
31588,0.0621314160525799
31589,0.0994919389486313
31591,0.0264252070337534
31592,0.458105504512787
31599,0.0620014816522598
31600,0.164418503642082
31601,0.397764950990677
31606,0.19724902510643
31610,0.196044102311134
31617,0.219729036092758
31618,0.718498349189758
31619,0.0607911869883537
31620,0.0202181395143271
31622,0.00630148593336344
31629,0.341244846582413
31630,0.24492771923542
31631,0.453603833913803
31635,0.0459590665996075
31636,0.104703076183796
31639,0.0245451107621193
31652,0.601418137550354
31658,0.0762211680412293
31660,0.03235924243927
31661,0.645147621631622
31669,0.038201779127121
31670,0.0333872549235821
31679,0.0337978191673756
31680,0.221155226230621
31683,0.106697335839272
31684,0.077229268848896
31685,0.0569533817470074
31688,0.120980866253376
31691,0.126093745231628
31692,0.232904657721519
31695,0.0356275551021099
31698,0.113318555057049
31699,0.0689862295985222
31704,0.0413593202829361
31706,0.0454221740365028
31708,0.0773600861430168
31711,0.0779677480459213
31714,0.0991852954030037
31719,0.0217768438160419
31720,0.00799641013145447
31722,0.0527142845094204
31724,0.112397611141205
31725,0.085486464202404
31726,0.022353446111083
31727,0.579480290412903
31728,0.118195168673992
31734,0.00381919532082975
31739,0.190974563360214
31740,0.0774340927600861
31742,0.0324056968092918
31746,0.405427545309067
31747,0.565394282341003
31750,0.0129296407103539
31755,0.215951338410378
31757,0.026886023581028
31759,0.323953866958618
31760,0.0338812656700611
31762,0.100480958819389
31763,0.0820912644267082
31764,0.141877204179764
31765,0.412304580211639
31769,0.0277578849345446
31774,0.119006782770157
31783,0.118202790617943
31800,0.507827818393707
31806,0.0166946407407522
31807,0.0529269054532051
31808,0.50485360622406
31810,0.0582387186586857
31813,0.205365359783173
31817,0.0545420758426189
31820,0.564217031002045
31822,0.0781846567988396
31828,0.0869768708944321
31829,0.049371462315321
31831,0.0451297275722027
31835,0.181576773524284
31837,0.0678082257509232
31846,0.0943148955702782
31847,0.69690352678299
31850,0.538356721401215
31853,0.247052550315857
31854,0.0612322017550468
31858,0.0333634652197361
31865,0.00464688986539841
31866,0.57343715429306
31871,0.140508055686951
31875,0.112226910889149
31878,0.115303799510002
31881,0.048880185931921
31882,0.0614843927323818
31885,0.341402560472488
31888,0.0290348026901484
31891,0.0958490818738937
31892,0.0388798862695694
31898,0.216382816433907
31900,0.0307376943528652
31902,0.202489584684372
31915,0.407009989023209
31917,0.111959733068943
31922,0.0644854232668877
31928,0.0479054637253285
31933,0.125949442386627
31935,0.0386299267411232
31937,0.148970365524292
31941,0.183141782879829
31945,0.054821789264679
31948,0.0185344517230988
31952,0.177415981888771
31954,0.0325433388352394
31955,0.231860294938087
31957,0.140724644064903
31959,0.16272509098053
31961,0.718514442443848
31974,0.0173678752034903
31979,0.153766259551048
31986,0.0755837187170982
31990,0.0843394249677658
31992,0.0718531459569931
31993,0.0236104000359774
31996,0.205256089568138
32001,0.759258925914764
32011,0.177824050188065
32015,0.70366907119751
32018,0.0631518810987473
32020,0.149811372160912
32022,0.087347686290741
32026,0.176665380597115
32029,0.168939769268036
32030,0.0622542276978493
32036,0.395356893539429
32038,0.310939311981201
32041,0.0194452852010727
32048,0.297281116247177
32051,0.795057713985443
32054,0.0716985240578651
32055,0.0391880050301552
32062,0.117445081472397
32063,0.0337606072425842
32070,0.666003048419952
32072,0.0682744011282921
32076,0.106952674686909
32079,0.122183442115784
32082,0.118738703429699
32084,0.0128181371837854
32086,0.441460609436035
32088,0.0203817170113325
32091,0.332946568727493
32094,0.102808117866516
32096,0.323764830827713
32103,0.0444108583033085
32106,0.07723668217659
32112,0.336134523153305
32113,0.0625539720058441
32114,0.127039149403572
32122,0.181251347064972
32129,0.0671343356370926
32130,0.0221452098339796
32131,0.00957168731838465
32133,0.608019948005676
32139,0.003316834801808
32140,0.175639361143112
32142,0.207744404673576
32143,0.460845977067947
32144,0.0955176204442978
32146,0.0558648258447647
32147,0.556507289409638
32149,0.430030822753906
32151,0.132033303380013
32152,0.596439838409424
32153,0.559540748596191
32156,0.0547707416117191
32157,0.622207403182983
32160,0.215977504849434
32162,0.721226096153259
32168,0.660781383514404
32169,0.595357060432434
32172,0.150632947683334
32180,0.0455326437950134
32181,0.0384738929569721
32183,0.347788721323013
32184,0.304820656776428
32186,0.317445933818817
32188,0.0365421175956726
32192,0.0254791080951691
32195,0.607945680618286
32196,0.117136716842651
32198,0.00271065486595035
32204,0.0691761821508408
32206,0.160939320921898
32209,0.0622548274695873
32210,0.0258379876613617
32217,0.0508583411574364
32224,0.0463244467973709
32226,0.0573654733598232
32228,0.0203370787203312
32230,0.158602654933929
32235,0.00488204788416624
32241,0.0906439274549484
32243,0.167379587888718
32249,0.0514805018901825
32251,0.488228410482407
32255,0.0913300365209579
32259,0.0296411737799644
32263,0.0923429951071739
32265,0.112941719591618
32267,0.0863931775093079
32270,0.0137219848111272
32271,0.0193627960979939
32272,0.00336427590809763
32273,0.0440695136785507
32276,0.0706065222620964
32277,0.452579200267792
32284,0.0720395892858505
32286,0.0807464197278023
32288,0.0160576235502958
32293,0.0258882977068424
32298,0.0280920471996069
32301,0.00464992271736264
32302,0.514666736125946
32303,0.15649776160717
32308,0.155071765184402
32310,0.441950052976608
32316,0.036264456808567
32323,0.0721018239855766
32325,0.491750687360764
32335,0.651075839996338
32338,0.00483177322894335
32340,0.374842166900635
32341,0.0714125633239746
32351,0.0243537779897451
32356,0.527241230010986
32368,0.129310235381126
32369,0.0396239832043648
32370,0.0795243009924889
32372,0.411139994859695
32373,0.0173198059201241
32375,0.0770552977919579
32376,0.197114393115044
32379,0.078203983604908
32382,0.0801247507333756
32383,0.131124004721642
32395,0.0476697385311127
32397,0.0112563259899616
32401,0.0448223575949669
32409,0.145666942000389
32414,0.140700280666351
32418,0.307942867279053
32422,0.0334165692329407
32427,0.415349096059799
32431,0.0880778729915619
32432,0.298210203647614
32436,0.220033824443817
32439,0.152894958853722
32448,0.63828980922699
32452,0.120231710374355
32453,0.177714243531227
32455,0.449825763702393
32457,0.0383914038538933
32461,0.280930429697037
32462,0.48333540558815
32467,0.137677073478699
32469,0.178363502025604
32471,0.434339910745621
32480,0.0315343141555786
32481,0.0714675411581993
32489,0.03902393206954
32490,0.0768676176667213
32491,0.02854423224926
32496,0.246803462505341
32501,0.0549774318933487
32510,0.00250216922722757
32517,0.0936486795544624
32520,0.0461059585213661
32524,0.018627567216754
32530,0.10801487416029
32535,0.155709937214851
32536,0.0499540902674198
32539,0.102613523602486
32550,0.175438940525055
32551,0.197515070438385
32554,0.432867377996445
32557,0.0247214585542679
32559,0.0169513393193483
32563,0.0343005023896694
32564,0.229386210441589
32571,0.0403979420661926
32573,0.0189967229962349
32575,0.058061245828867
32580,0.0579532198607922
32581,0.0209875870496035
32589,0.043366264551878
32593,0.00277354544959962
32594,0.0376803502440453
32595,0.0519678667187691
32601,0.0494048856198788
32605,0.0438641123473644
32606,0.143647059798241
32607,0.397068381309509
32608,0.0106013081967831
32609,0.458297312259674
32611,0.070362962782383
32615,0.0263741109520197
32616,0.0676186233758926
32618,0.0126773342490196
32621,0.0932312160730362
32624,0.449017226696014
32625,0.28920641541481
32632,0.0276987459510565
32641,0.060371171683073
32642,0.0465376153588295
32648,0.0607802346348763
32653,0.0016961811343208
32657,0.0503495559096336
32658,0.0265567991882563
32662,0.062189843505621
32665,0.0318717807531357
32666,0.0174836218357086
32667,0.0229162145406008
32673,0.00861786957830191
32675,0.070518784224987
32678,0.0377389304339886
32680,0.514741063117981
32681,0.00418922444805503
32682,0.220361799001694
32683,0.00506677012890577
32685,0.02086441218853
32686,0.0802421942353249
32689,0.393803626298904
32691,0.312892407178879
32693,0.0445141680538654
32702,0.010357222519815
32703,0.117221906781197
32707,0.00630975561216474
32712,0.0300341248512268
32715,0.142634257674217
32725,0.00595148373395205
32730,0.404540956020355
32736,0.00232823542319238
32738,0.00208132108673453
32740,0.0526172257959843
32749,0.060737170279026
32751,0.0141631290316582
32752,0.0310466270893812
32753,0.0823797285556793
32754,0.0685686841607094
32755,0.0599717050790787
32764,0.00348170823417604
32766,0.152609720826149
32774,0.0510034821927548
32775,0.163394168019295
32784,0.0497596152126789
32789,0.101655662059784
32792,0.00583276757970452
32794,0.597380936145783
32795,0.445753395557404
32800,0.182254925370216
32803,0.328636467456818
32804,0.00345972902141511
32805,0.301579117774963
32806,0.0666277036070824
32807,0.194450214505196
32810,0.388630509376526
32814,0.0143223954364657
32816,0.0449488461017609
32817,0.00229892018251121
32818,0.538626790046692
32820,0.00137690303381532
32822,0.0256832279264927
32825,0.172672048211098
32830,0.0757182464003563
32835,0.0498745813965797
32837,0.00223454856313765
32840,0.0250968858599663
32841,0.0542196296155453
32856,0.165902733802795
32858,0.172332376241684
32862,0.00319829257205129
32868,0.0248044170439243
32871,0.0316914767026901
32874,0.0742648020386696
32877,0.0869428664445877
32878,0.28354287147522
32879,0.018475990742445
32880,0.00892994552850723
32883,0.00676546897739172
32885,0.00985831487923861
32890,0.0516827180981636
32891,0.221801772713661
32894,0.0168537218123674
32897,0.0673861056566238
32898,0.0553559139370918
32899,0.0830744728446007
32910,0.0432800874114037
32913,0.0703743025660515
32924,0.0370870120823383
32927,0.0349504612386227
32930,0.251980096101761
32932,0.0301473066210747
32936,0.0352144874632359
32945,0.265940934419632
32956,0.00453353533521295
32958,0.0265958346426487
32969,0.0268798228353262
32971,0.0437112376093864
32977,0.280013859272003
32978,0.184461683034897
32981,0.0514870621263981
32990,0.0487405136227608
32994,0.100063696503639
32995,0.0181081723421812
33002,0.179231569170952
33004,0.0446017198264599
33007,0.0263081807643175
33019,0.358957350254059
33027,0.0576206818223
33032,0.0192817077040672
33033,0.111226543784142
33037,0.0153674399480224
33039,0.0181998629122973
33045,0.0867171511054039
33047,0.299524873495102
33048,0.119212403893471
33049,0.409694194793701
33054,0.0706575363874435
33058,0.0549062304198742
33064,0.0206188187003136
33068,0.0154511956498027
33069,0.0503454171121121
33070,0.0317694693803787
33076,0.00188397220335901
33080,0.282222300767899
33081,0.718441784381867
33082,0.0522790662944317
33085,0.0205455180257559
33087,0.379339098930359
33089,0.00226717442274094
33090,0.353468924760819
33092,0.114694535732269
33093,0.118644438683987
33094,0.0946823582053185
33095,0.134269371628761
33104,0.00269261049106717
33107,0.0191367883235216
33110,0.0577878877520561
33123,0.286037087440491
33124,0.067431665956974
33127,0.00342391571030021
33128,0.0107517037540674
33134,0.0957163274288177
33136,0.0226720217615366
33139,0.0270432569086552
33140,0.0120052350685
33145,0.0749189555644989
33147,0.0555851012468338
33148,0.00338856084272265
33149,0.0536312982439995
33151,0.0788067430257797
33153,0.672582566738129
33154,0.00230667972937226
33155,0.0128592317923903
33156,0.024449348449707
33157,0.0905191078782082
33158,0.0250827446579933
33159,0.00109335326123983
33160,0.14997909963131
33162,0.0615622624754906
33164,0.00277478271164
33165,0.0253266841173172
33167,0.357887506484985
33172,0.232878655195236
33174,0.160801082849503
33177,0.0480660870671272
33182,0.103861719369888
33186,0.0182777494192123
33189,0.0102182375267148
33206,0.15529990196228
33208,0.578606069087982
33209,0.162372693419456
33210,0.0461211763322353
33212,0.0111978026106954
33214,0.00312596885487437
33219,0.0418957993388176
33220,0.0397856310009956
33223,0.00166972621809691
33224,0.00349330017343164
33228,0.0141401644796133
33234,0.00387071468867362
33244,0.323523879051209
33246,0.201113030314446
33250,0.0140887275338173
33251,0.179363131523132
33254,0.0525531359016895
33256,0.00262207444757223
33269,0.0598367303609848
33276,0.0777731463313103
33277,0.00564754754304886
33279,0.331985741853714
33286,0.0156406238675118
33294,0.0489678494632244
33296,0.346968650817871
33301,0.00257092923857272
33302,0.0367393083870411
33305,0.528269648551941
33308,0.0905723571777344
33312,0.01789665594697
33314,0.00407607015222311
33321,0.00319740339182317
33326,0.0433337949216366
33330,0.403114050626755
33337,0.0191220287233591
33342,0.068002425134182
33345,0.169727131724358
33346,0.0115425027906895
33353,0.00519770756363869
33364,0.00282310275360942
33365,0.0499772801995277
33367,0.0284223929047585
33376,0.0149266188964248
33378,0.0233733784407377
33387,0.00901917088776827
33388,0.0138350259512663
33393,0.02683175355196
33397,0.0508682616055012
33401,0.0667495205998421
33404,0.080276258289814
33406,0.0323077514767647
33413,0.195751756429672
33416,0.0528142377734184
33417,0.0190936885774136
33419,0.147528082132339
33424,0.0519118048250675
33425,0.00355466525070369
33426,0.0221415124833584
33428,0.393955379724503
33432,0.115347728133202
33436,0.0875333473086357
33437,0.298292607069016
33439,0.328221082687378
33440,0.00162759865634143
33441,0.0129150012508035
33442,0.0152773093432188
33443,0.0235539916902781
33444,0.286266952753067
33448,0.626935660839081
33450,0.105300821363926
33451,0.00229373504407704
33456,0.661616742610931
33457,0.121499568223953
33461,0.266293078660965
33462,0.569527387619019
33464,0.00343873631209135
33465,0.0469309240579605
33472,0.0541042722761631
33476,0.00421189656481147
33477,0.0338682048022747
33478,0.301843047142029
33484,0.001668238081038
33487,0.0154763851314783
33488,0.00134686380624771
33493,0.0067413067445159
33496,0.0110728070139885
33501,0.0479415394365788
33503,0.0126610267907381
33504,0.0927756726741791
33507,0.0693395808339119
33508,0.00375819765031338
33509,0.422775238752365
33512,0.00386727065779269
33516,0.0985867232084274
33519,0.623478353023529
33524,0.00354975531809032
33525,0.00296910083852708
33527,0.0364089235663414
33529,0.0497105978429318
33537,0.614404678344727
33540,0.0252031851559877
33541,0.0157242640852928
33543,0.0251153986901045
33548,0.0704778358340263
33551,0.229957833886147
33554,0.0396262407302856
33559,0.00243132910691202
33561,0.151055082678795
33567,0.0254103988409042
33572,0.219666853547096
33578,0.0069382437504828
33580,0.001856655231677
33584,0.00453965552151203
33586,0.0520522966980934
33587,0.00465067150071263
33593,0.0746951475739479
33595,0.00311160762794316
33596,0.124911218881607
33601,0.0262104701250792
33605,0.0034247066359967
33607,0.0489140935242176
33608,0.0326480567455292
33609,0.0208886284381151
33614,0.121265977621079
33619,0.00645246356725693
33624,0.0179431140422821
33628,0.00236969580873847
33629,0.0141562735661864
33630,0.516031324863434
33631,0.0243402719497681
33632,0.00443959748372436
33646,0.0361580848693848
33648,0.259528458118439
33651,0.059774924069643
33664,0.020832484588027
33665,0.00158344232477248
33673,0.0113753424957395
33679,0.0595589466392994
33684,0.00222169933840632
33686,0.00263800076209009
33687,0.0181356966495514
33700,0.29860246181488
33702,0.35000741481781
33704,0.177028551697731
33709,0.0156436562538147
33711,0.101869560778141
33712,0.0053754230029881
33716,0.192530766129494
33719,0.383818000555038
33721,0.196265831589699
33729,0.0159984473139048
33730,0.657683908939362
33734,0.355610191822052
33735,0.756004512310028
33740,0.485165983438492
33749,0.236989140510559
33753,0.729442298412323
33754,0.726859867572784
33756,0.0378036946058273
33757,0.495006382465363
33759,0.0340379625558853
33764,0.123866088688374
33766,0.708593368530273
33767,0.421311438083649
33769,0.333972871303558
33772,0.124842695891857
33774,0.349511504173279
33775,0.40650150179863
33776,0.413878947496414
33780,0.197158664464951
33783,0.602066457271576
33784,0.350655674934387
33786,0.544915020465851
33787,0.415656745433807
33790,0.442420274019241
33793,0.217406049370766
33794,0.0814702808856964
33795,0.388705760240555
33797,0.405036062002182
33801,0.0708531439304352
33803,0.470192223787308
33806,0.0663851425051689
33807,0.00683370558544993
33809,0.232313901185989
33815,0.038890615105629
33823,0.383878707885742
33824,0.719928979873657
33827,0.0498058535158634
33828,0.816256761550903
33829,0.0882579311728478
33831,0.281761646270752
33833,0.0170960277318954
33836,0.330137759447098
33837,0.181614816188812
33840,0.0505100525915623
33844,0.176680520176888
33847,0.0170084610581398
33852,0.0297324936836958
33855,0.485015213489533
33861,0.0539852604269981
33870,0.260413736104965
33873,0.426054567098618
33881,0.14685021340847
33885,0.766409337520599
33900,0.0204175636172295
33909,0.923523426055908
33914,0.528817117214203
33916,0.760680794715881
33920,0.875670194625855
33923,0.770641148090363
33925,0.608007252216339
33927,0.583851456642151
33944,0.795280158519745
33947,0.749638974666596
33960,0.26266548037529
33968,0.674790441989899
33975,0.809492111206055
33977,0.537855565547943
33978,0.122008390724659
33985,0.507816076278687
33987,0.808682560920715
33989,0.0839864909648895
33990,0.122641816735268
33991,0.175045654177666
33996,0.0601317062973976
33997,0.0880024209618568
34000,0.54254013299942
34001,0.382053464651108
34005,0.204434379935265
34010,0.868564426898956
34011,0.075146421790123
34015,0.252907156944275
34022,0.775338351726532
34024,0.150625258684158
34026,0.140009686350822
34027,0.821179330348969
34028,0.228416606783867
34035,0.474426120519638
34050,0.150748163461685
34051,0.737770438194275
34055,0.0866406485438347
34057,0.289745092391968
34058,0.0763776898384094
34064,0.872472167015076
34069,0.0189348161220551
34070,0.648424923419952
34076,0.793353497982025
34079,0.76513671875
34080,0.443798005580902
34083,0.543809652328491
34093,0.0297780260443687
34099,0.72184944152832
34104,0.0315839499235153
34105,0.184827283024788
34108,0.607667088508606
34111,0.115368701517582
34114,0.562537550926209
34115,0.333048582077026
34126,0.72562575340271
34133,0.0882619842886925
34139,0.0303953252732754
34141,0.155532956123352
34144,0.558040201663971
34145,0.00976699125021696
34148,0.535958349704742
34150,0.363007366657257
34151,0.752736032009125
34152,0.312542170286179
34153,0.869657576084137
34154,0.766266167163849
34155,0.0620160773396492
34160,0.8911092877388
34161,0.79179584980011
34167,0.150234088301659
34169,0.0430092848837376
34177,0.946640014648438
34181,0.00458612525835633
34186,0.385936945676804
34187,0.122105702757835
34188,0.126873373985291
34197,0.369339108467102
34199,0.353046327829361
34200,0.196408450603485
34202,0.366503477096558
34205,0.00940594077110291
34207,0.0889283716678619
34208,0.00415186071768403
34213,0.256592035293579
34220,0.0432067364454269
34232,0.0130814854055643
34233,0.0784891322255135
34234,0.00171282410155982
34235,0.319625079631805
34237,0.358409345149994
34238,0.0357430167496204
34241,0.214780658483505
34244,0.0829754397273064
34247,0.764642059803009
34252,0.101065404713154
34254,0.0475039482116699
34255,0.0437061041593552
34256,0.0222964957356453
34260,0.0321655943989754
34266,0.228371158242226
34272,0.00952255818992853
34275,0.0384554713964462
34281,0.0083180908113718
34284,0.0308920238167048
34287,0.497765570878983
34290,0.0235235877335072
34296,0.0392155461013317
34300,0.0556568242609501
34302,0.0117563726380467
34304,0.368221402168274
34308,0.861276924610138
34313,0.0119655281305313
34318,0.602002382278442
34322,0.00575987249612808
34324,0.00325037585571408
34327,0.463522613048554
34330,0.0233142003417015
34333,0.209892258048058
34338,0.613968014717102
34340,0.517630338668823
34343,0.00542344152927399
34345,0.065782368183136
34348,0.00468967249616981
34349,0.00136800366453826
34350,0.00489652948454022
34358,0.015303093008697
34363,0.206478446722031
34366,0.073713555932045
34367,0.350517481565475
34368,0.324566960334778
34371,0.00119195983279496
34374,0.019328448921442
34384,0.00449556205421686
34385,0.00419998774304986
34386,0.451173424720764
34387,0.572597801685333
34390,0.59062784910202
34393,0.134613335132599
34397,0.0511558391153812
34410,0.00133752718102187
34412,0.00405762996524572
34413,0.00104027637280524
34418,0.00236436421982944
34422,0.00250272382982075
34425,0.170782178640366
34427,0.00142338883597404
34438,0.0510797537863255
34439,0.0578489974141121
34441,0.00192065758164972
34448,0.133197173476219
34449,0.0156565271317959
34452,0.0516433417797089
34453,0.00232056574895978
34457,0.0096315136179328
34458,0.00223352597095072
34461,0.249495446681976
34465,0.00678323348984122
34467,0.65030711889267
34482,0.00581299979239702
34484,0.256870418787003
34485,0.0145156551152468
34488,0.0226167812943459
34491,0.00534282764419913
34492,0.0203174743801355
34493,0.0625040754675865
34496,0.0678844451904297
34505,0.03155667334795
34507,0.0458927303552628
34508,0.0497710704803467
34513,0.0022784979082644
34514,0.701479315757752
34518,0.635554254055023
34519,0.408681094646454
34521,0.506305158138275
34524,0.00318890856578946
34526,0.131840363144875
34527,0.0329882614314556
34533,0.0034050194080919
34534,0.00112603267189115
34539,0.0481544472277165
34544,0.0906552523374557
34548,0.0032644069287926
34550,0.0719272717833519
34551,0.00626975391060114
34555,0.00613085040822625
34557,0.0281588025391102
34560,0.0323049798607826
34571,0.00204685050994158
34576,0.735579013824463
34579,0.0927270501852036
34580,0.00191699631977826
34582,0.0140494322404265
34583,0.479960083961487
34589,0.0430579669773579
34590,0.0324919149279594
34595,0.0629356056451798
34597,0.0155924195423722
34598,0.0497913807630539
34601,0.0103216860443354
34605,0.002315514953807
34610,0.0213869940489531
34611,0.0214309599250555
34615,0.00189915136434138
34616,0.00109907437581569
34619,0.0267300512641668
34621,0.0241332706063986
34623,0.0404184013605118
34625,0.00631596846506
34626,0.0494365952908993
34627,0.0122669525444508
34629,0.0181721616536379
34630,0.00395091995596886
34631,0.0405174754559994
34632,0.0415991134941578
34633,0.0914086103439331
34637,0.00693657528609037
34642,0.61589241027832
34643,0.685576677322388
34644,0.00559919932857156
34645,0.0173555836081505
34649,0.11182975769043
34656,0.351341664791107
34657,0.0334069654345512
34658,0.0777730941772461
34661,0.0753696709871292
34664,0.0362777188420296
34665,0.0236343704164028
34672,0.810629665851593
34673,0.0262676533311605
34678,0.0154528422281146
34681,0.026243532076478
34686,0.00331680197268724
34693,0.0181486960500479
34696,0.0360865145921707
34703,0.119331888854504
34707,0.0204599518328905
34713,0.0522154308855534
34716,0.019538389518857
34718,0.0160796977579594
34723,0.0261833313852549
34725,0.0180557239800692
34730,0.00054023991106078
34731,0.00182757852599025
34733,0.0012866968754679
34738,0.0704713389277458
34742,0.00393975339829922
34747,0.0264541059732437
34749,0.054793231189251
34754,0.0916095972061157
34759,0.0169489942491055
34763,0.134081080555916
34765,0.00866025127470493
34766,0.00215470744296908
34769,0.340292036533356
34770,0.00308549124747515
34773,0.00104284880217165
34776,0.180873543024063
34778,0.131027966737747
34782,0.069358803331852
34802,0.00288242637179792
34803,0.00207466352730989
34808,0.25386056303978
34809,0.00655089505016804
34811,0.0251465290784836
34812,0.0935317948460579
34816,0.015552076511085
34820,0.00285010877996683
34821,0.00557971326634288
34823,0.00504073174670339
34828,0.223432376980782
34841,0.00821314938366413
34845,0.0033923308365047
34849,0.0449590906500816
34850,0.0193714275956154
34852,0.0327399037778378
34857,0.0162837915122509
34860,0.0357835181057453
34861,0.00156341260299087
34862,0.00230212230235338
34863,0.0285806804895401
34865,0.0029624595772475
34871,0.00763663183897734
34873,0.00321723194792867
34879,0.0229706969112158
34885,0.00713020004332066
34886,0.0947634652256966
34887,0.000586391892284155
34891,0.00107495475094765
34893,0.0270292088389397
34895,0.00373558676801622
34900,0.166931569576263
34907,0.00817098189145327
34914,0.162609308958054
34919,0.0311761759221554
34923,0.00720486417412758
34924,0.000543971080332995
34930,0.0123071493580937
34932,0.147795557975769
34938,0.144972696900368
34941,0.0229441076517105
34945,0.00649182358756661
34949,0.00742646446451545
34951,0.00698948698118329
34952,0.752509593963623
34959,0.222133323550224
34962,0.00247196364216507
34963,0.0120232338085771
34964,0.00169777311384678
34966,0.347790271043777
34975,0.0201504398137331
34979,0.022852910682559
34991,0.0120779871940613
34993,0.0562198869884014
35000,0.0123471384868026
35011,0.062838725745678
35025,0.00489640608429909
35026,0.0374804399907589
35034,0.21312515437603
35036,0.0143040092661977
35038,0.0118626803159714
35039,0.00331793841905892
35044,0.253089368343353
35047,0.00318438396789134
35055,0.0218630935996771
35061,0.00189361500088125
35066,0.000757569738198072
35067,0.0412282831966877
35070,0.019959069788456
35072,0.0103287184610963
35074,0.00572597980499268
35075,0.0157029572874308
35076,0.00243748398497701
35077,0.019823620095849
35079,0.640629768371582
35084,0.0340147204697132
35089,0.00812776852399111
35090,0.0142834642902017
35093,0.00170770892873406
35101,0.00540527189150453
35103,0.191359877586365
35110,0.00551122333854437
35115,0.00272099301218987
35118,0.07083460688591
35120,0.0111041227355599
35124,0.0232208073139191
35125,0.00461701909080148
35126,0.0266710761934519
35130,0.389985471963882
35131,0.000670167151838541
35133,0.00152477482333779
35135,0.0111150136217475
35136,0.00353321409784257
35139,0.00478531699627638
35146,0.00162797747179866
35147,0.0214984491467476
35152,0.019923023879528
35154,0.0813553184270859
35160,0.145134150981903
35166,0.00476473895832896
35172,0.000730221800040454
35175,0.0034693235065788
35185,0.0223369970917702
35189,0.0170039981603622
35191,0.00546695105731487
35192,0.00369569822214544
35197,0.00186204188503325
35199,0.0375897921621799
35200,0.00342153641395271
35201,0.608695209026337
35203,0.00209755590185523
35216,0.0114126456901431
35221,0.119511805474758
35223,0.0806612372398377
35226,0.00572914630174637
35227,0.283548712730408
35236,0.170672312378883
35240,0.0163557715713978
35242,0.00530001940205693
35245,0.000815184263046831
35246,0.00143913261126727
35252,0.0320533514022827
35253,0.00235243374481797
35254,0.0121307875961065
35261,0.522025942802429
35264,0.425375699996948
35266,0.0122019872069359
35271,0.00341067928820848
35274,0.00411759503185749
35276,0.00299441860988736
35277,0.00969097018241882
35278,0.00496253510937095
35280,0.0291803386062384
35283,0.649171888828278
35284,0.0823412016034126
35285,0.000820397108327597
35288,0.019634323194623
35292,0.0112271746620536
35295,0.0691438540816307
35300,0.017036834731698
35302,0.0586893521249294
35305,0.00424432707950473
35306,0.332517325878143
35308,0.019945178180933
35309,0.016795864328742
35310,0.60125082731247
35311,0.00477172713726759
35314,0.0193796530365944
35318,0.00538389571011066
35322,0.027315117418766
35325,0.0293340887874365
35326,0.000848894065711647
35330,0.052924145013094
35332,0.081591971218586
35334,0.252596437931061
35339,0.00896091107279062
35344,0.07293950766325
35345,0.0015258879866451
35362,0.0123158693313599
35363,0.0116173513233662
35364,0.00122584530618042
35368,0.0383898019790649
35370,0.00853374600410461
35372,0.00377880828455091
35373,0.00116178055759519
35376,0.00304683833383024
35377,0.0131583949550986
35381,0.00501045770943165
35385,0.00146738870535046
35400,0.00975163746625185
35401,0.000773609732277691
35403,0.0345760583877564
35404,0.275758177042007
35406,0.00683474075049162
35408,0.00213601370342076
35411,0.00699760345742106
35413,0.00318481121212244
35425,0.0103321401402354
35429,0.430985629558563
35430,0.00791783258318901
35431,0.00286205369047821
35433,0.427942514419556
35439,0.277329593896866
35449,0.00182635232340544
35454,0.472577035427094
35455,0.519585072994232
35461,0.410097241401672
35463,0.010934991762042
35465,0.108220361173153
35467,0.032531164586544
35470,0.00111227203160524
35472,0.0175722818821669
35473,0.00118677341379225
35475,0.010727858170867
35481,0.04078608751297
35482,0.281158119440079
35487,0.00226710108108819
35488,0.0283607691526413
35495,0.0289284121245146
35496,0.0524792522192001
35500,0.00122705847024918
35502,0.00903603062033653
35503,0.00710206152871251
35505,0.422500491142273
35506,0.0118516180664301
35507,0.00776296434924007
35514,0.0136016234755516
35518,0.0436228960752487
35525,0.0649709850549698
35528,0.0252087749540806
35533,0.0527221038937569
35534,0.339851140975952
35535,0.046472430229187
35537,0.0317238830029964
35542,0.0257031619548798
35546,0.0162302814424038
35564,0.0416273102164269
35566,0.0104137174785137
35574,0.482387572526932
35581,0.00424815993756056
35582,0.240637227892876
35584,0.0141556682065129
35585,0.0908381566405296
35594,0.481780290603638
35596,0.00226641516201198
35601,0.0910171270370483
35602,0.00118022691458464
35603,0.0825580805540085
35616,0.0153498537838459
35617,0.012114985845983
35620,0.0204602908343077
35622,0.536258041858673
35629,0.0131989829242229
35633,0.00122885266318917
35636,0.00843243580311537
35641,0.102567620575428
35647,0.00124633393716067
35651,0.00251096906140447
35652,0.0225588623434305
35653,0.00103334488812834
35655,0.00184509030077606
35661,0.0109661743044853
35664,0.00576836569234729
35666,0.00283049931749702
35668,0.00683908583596349
35672,0.0380798056721687
35677,0.00200358685106039
35678,0.000737175985705108
35679,0.00209919363260269
35683,0.0542287267744541
35692,0.0240440741181374
35694,0.00634045666083694
35697,0.0176336653530598
35702,0.0161561761051416
35703,0.0159797873347998
35704,0.0010731074726209
35706,0.00617849780246615
35714,0.00191748177167028
35718,0.00092156621394679
35719,0.0038379596080631
35720,0.00443901773542166
35723,0.0100371818989515
35739,0.448386520147324
35745,0.00182885327376425
35772,0.00194768654182553
35773,0.00287194759584963
35774,0.0448019243776798
35780,0.0013806892093271
35789,0.0549922287464142
35792,0.463093549013138
35793,0.0151776624843478
35799,0.0118338344618678
35801,0.00768812419846654
35802,0.705067336559296
35807,0.00613673124462366
35808,0.00749368825927377
35809,0.00831025931984186
35811,0.199410066008568
35814,0.0929179713129997
35815,0.680740475654602
35819,0.0143244285136461
35822,0.574249744415283
35824,0.0224853698164225
35825,0.032799556851387
35826,0.00303139514289796
35828,0.0159112513065338
35829,0.0545508936047554
35830,0.0109621770679951
35832,0.11742240935564
35834,0.00647942628711462
35836,0.024581290781498
35840,0.00239576306194067
35844,0.0346100032329559
35846,0.441494584083557
35847,0.00416259374469519
35851,0.0228637419641018
35852,0.525187194347382
35857,0.00435609044507146
35858,0.0110622709617019
35859,0.0312182996422052
35860,0.2263602912426
35862,0.463795095682144
35865,0.013270634226501
35867,0.0136854099109769
35875,0.0148296216502786
35884,0.0325427688658237
35890,0.0304675903171301
35893,0.0152397677302361
35899,0.00992406997829676
35900,0.0299120396375656
35912,0.0127849327400327
35918,0.00138837459962815
35923,0.0379040986299515
35934,0.0165586266666651
35935,0.00806550774723291
35936,0.00728110456839204
35941,0.0234440695494413
35944,0.00353359524160624
35945,0.000693887763191015
35950,0.0366622991859913
35952,0.0567915625870228
35953,0.0311474855989218
35958,0.0844772979617119
35970,0.0363239496946335
35972,0.493261247873306
35973,0.0478090047836304
35977,0.0100343814119697
35982,0.0821295008063316
35987,0.027739504352212
35990,0.00536483246833086
35994,0.00259066768921912
36005,0.00158384942915291
36009,0.0751218870282173
36011,0.00532764755189419
36015,0.000724957673810422
36016,0.000753748114220798
36022,0.475443422794342
36024,0.000433166278526187
36025,0.00883406400680542
36026,0.00105657312087715
36030,0.00213075359351933
36035,0.482157945632935
36039,0.00314322882331908
36042,0.0331734903156757
36043,0.178355738520622
36044,0.000969682645518333
36046,0.00500576011836529
36049,0.53576797246933
36058,0.0861324518918991
36059,0.0155699150636792
36060,0.00159353960771114
36064,0.024504266679287
36067,0.0226842314004898
36069,0.000965029234066606
36071,0.0061007970944047
36077,0.258562356233597
36078,0.283934533596039
36084,0.0119437826797366
36088,0.647491574287415
36089,0.0133323287591338
36090,0.0968519076704979
36092,0.00127177580725402
36097,0.0243033654987812
36100,0.0139228804036975
36102,0.0227116495370865
36106,0.026034452021122
36107,0.0332603752613068
36110,0.0109257632866502
36113,0.00176130700856447
36116,0.00432567577809095
36117,0.0151899624615908
36119,0.00379704311490059
36121,0.0220933202654123
36125,0.00957627687603235
36127,0.0413692481815815
36133,0.203720673918724
36134,0.111648440361023
36140,0.0647977292537689
36146,0.00148857373278588
36147,0.0443098992109299
36150,0.0961426869034767
36151,0.0177302863448858
36152,0.358120143413544
36155,0.00999356620013714
36157,0.637530565261841
36159,0.0301909502595663
36162,0.59742796421051
36163,0.00946324877440929
36165,0.0033875061199069
36168,0.00822439044713974
36169,0.00107597419992089
36173,0.0495237559080124
36176,0.0441434048116207
36178,0.0411594957113266
36180,0.00469919759780169
36182,0.0131279658526182
36187,0.0207229480147362
36188,0.0363672822713852
36190,0.065282866358757
36192,0.00406983634456992
36198,0.0071414397098124
36203,0.00203273724764586
36205,0.0180220305919647
36211,0.16452032327652
36213,0.16710889339447
36217,0.00275336904451251
36231,0.0106343645602465
36232,0.575384438037872
36235,0.00750827137380838
36240,0.296010971069336
36244,0.296170026063919
36247,0.0120759457349777
36256,0.0670102685689926
36257,0.621692597866058
36263,0.302751868963242
36265,0.00480210315436125
36266,0.234724029898644
36268,0.0285795032978058
36269,0.0111125558614731
36271,0.0546738170087338
36272,0.0036075038369745
36274,0.0231835246086121
36275,0.0102034863084555
36282,0.0220742281526327
36283,0.0228021256625652
36285,0.030002212151885
36289,0.0483358949422836
36293,0.0042474358342588
36300,0.00780203472822905
36301,0.019770722836256
36305,0.0102056814357638
36306,0.0549114383757114
36311,0.130700781941414
36312,0.0107289254665375
36313,0.0803077593445778
36314,0.0377633459866047
36315,0.0149282393977046
36316,0.0331936702132225
36331,0.0222412664443254
36336,0.0046833804808557
36340,0.0130337392911315
36344,0.0112974867224693
36347,0.051389005035162
36350,0.422980040311813
36352,0.000510765239596367
36353,0.0104596298187971
36356,0.00617164419963956
36363,0.00372081226669252
36369,0.156569853425026
36376,0.00985621567815542
36378,0.0141574367880821
36379,0.00821959227323532
36381,0.0470475107431412
36387,0.0113235889002681
36393,0.00377048994414508
36397,0.142064228653908
36405,0.0220005139708519
36411,0.140576884150505
36416,0.0139356255531311
36418,0.0116760656237602
36422,0.0159451924264431
36424,0.433582365512848
36426,0.00135588517878205
36430,0.0161450169980526
36431,0.0037567000836134
36433,0.701106011867523
36437,0.00103950616903603
36439,0.0109997112303972
36443,0.017393421381712
36446,0.0441807545721531
36452,0.00304594472981989
36459,0.00173434009775519
36460,0.00523699820041657
36462,0.00317467120476067
36464,0.00929377600550652
36465,0.0310455393046141
36466,0.557359278202057
36474,0.0117879034951329
36476,0.633846580982208
36477,0.000737341470085084
36482,0.0344449579715729
36486,0.00067717325873673
36487,0.00864997878670692
36497,0.000977978226728737
36503,0.00402959296479821
36507,0.00300976377911866
36510,0.000358688557753339
36511,0.0153140174224973
36518,0.000812603102531284
36522,0.000959562603384256
36524,0.00236353534273803
36530,0.0145937642082572
36537,0.613931715488434
36538,0.0114870015531778
36539,0.155796214938164
36542,0.00107600342016667
36543,0.0545460768043995
36545,0.0109819024801254
36550,0.00514292810112238
36553,0.0116510502994061
36554,0.00293913530185819
36555,0.0261963326483965
36557,0.000978037365712225
36564,0.0260010790079832
36565,0.00371960178017616
36566,0.769594550132752
36567,0.0662758499383926
36573,0.548171103000641
36577,0.0818711742758751
36584,0.334756076335907
36585,0.00625344691798091
36593,0.00102543702814728
36600,0.539035201072693
36602,0.68297278881073
36603,0.00180731911677867
36609,0.0220563188195229
36611,0.0866195112466812
36612,0.00123285700101405
36613,0.0458229407668114
36622,0.00463772565126419
36625,0.169371753931046
36628,0.179466232657433
36629,0.0127336727455258
36633,0.0291345603764057
36635,0.0466250777244568
36636,0.0189833957701921
36641,0.00149006641004235
36642,0.0022213535849005
36649,0.386627167463303
36650,0.00060659641167149
36656,0.00972229428589344
36657,0.0341264680027962
36660,0.00114273629151285
36661,0.0948460251092911
36664,0.0101084588095546
36666,0.0423693582415581
36667,0.000911099836230278
36670,0.035829346626997
36672,0.00616634357720614
36676,0.0582522675395012
36677,0.441119074821472
36678,0.0516873449087143
36681,0.0044932602904737
36683,0.0282631441950798
36686,0.000670346955303103
36688,0.0236990340054035
36689,0.00254438747651875
36691,0.00498505029827356
36702,0.0286427438259125
36705,0.559628784656525
36706,0.428337275981903
36708,0.0326588712632656
36710,0.0418281480669975
36711,0.0778916329145432
36715,0.515709519386292
36719,0.00182273972313851
36721,0.000499319634400308
36725,0.00904163345694542
36730,0.0444406047463417
36731,0.678870558738709
36736,0.0165707673877478
36737,0.00263461307622492
36738,0.00366124673746526
36739,0.0049475678242743
36740,0.00153685070108622
36741,0.291778445243835
36742,0.027824979275465
36743,0.186556771397591
36744,0.00724255200475454
36747,0.119969606399536
36758,0.027710422873497
36759,0.103890888392925
36770,0.0639343336224556
36775,0.0383347533643246
36776,0.157795697450638
36779,0.0506106689572334
36782,0.000719468866009265
36783,0.00882464554160833
36786,0.739870607852936
36788,0.0345907732844353
36789,0.0218339879065752
36790,0.00457535358145833
36792,0.00547552900388837
36796,0.00506921531632543
36797,0.0309955421835184
36799,0.0620286241173744
36802,0.16538105905056
36804,0.00524240871891379
36807,0.345604509115219
36808,0.054277565330267
36810,0.725903213024139
36816,0.0147863728925586
36817,0.027805108577013
36820,0.55129212141037
36822,0.00514904828742147
36823,0.0106562254950404
36842,0.00129616365302354
36844,0.0159203857183456
36845,0.505053579807282
36846,0.741429090499878
36849,0.0146931577473879
36850,0.0733805894851685
36857,0.0906536132097244
36862,0.0659025013446808
36864,0.679368674755096
36865,0.0741322562098503
36867,0.00917986501008272
36869,0.0911485180258751
36870,0.0378949977457523
36873,0.063073456287384
36880,0.00271269213408232
36885,0.00929841864854097
36887,0.278331398963928
36892,0.0285310838371515
36893,0.021181995049119
36894,0.0387111753225327
36895,0.0309723950922489
36899,0.0176712293177843
36901,0.00299079646356404
36902,0.0154584720730782
36906,0.161301746964455
36915,0.0104150101542473
36918,0.409747838973999
36920,0.00525204604491592
36926,0.0139902280643582
36927,0.0269085317850113
36928,0.150560811161995
36940,0.0130560854449868
36942,0.00414556637406349
36945,0.00092795817181468
36948,0.0165634881705046
36956,0.06948222219944
36957,0.0260791536420584
36960,0.0431806333363056
36963,0.492715865373612
36967,0.000399233656935394
36969,0.000888098147697747
36975,0.150370046496391
36979,0.000764394761063159
36981,0.00905032828450203
36990,0.470975875854492
36994,0.00779219251126051
36995,0.000885369896423072
37000,0.00802522711455822
37003,0.0250606741756201
37007,0.0809473320841789
37008,0.0109792137518525
37009,0.00108169205486774
37010,0.00685081724077463
37012,0.0572763383388519
37015,0.00115833187010139
37018,0.669247627258301
37020,0.00351290847174823
37021,0.378446936607361
37022,0.0112882927060127
37024,0.119533821940422
37025,0.0761475712060928
37027,0.0282105598598719
37029,0.00149408727884293
37031,0.0366361103951931
37040,0.0421451218426228
37045,0.00451015029102564
37053,0.00241357902996242
37058,0.00459954096004367
37061,0.00987535994499922
37065,0.560717582702637
37068,0.0114424182102084
37080,0.00496151065453887
37087,0.00141655839979649
37088,0.0617518909275532
37090,0.00582285691052675
37091,0.0777537152171135
37092,0.0405914485454559
37094,0.398246765136719
37097,0.0161149445921183
37098,0.151277363300323
37100,0.44537878036499
37101,0.0129107525572181
37108,0.395546466112137
37110,0.00752217043191195
37111,0.000783844327088445
37112,0.0389748364686966
37117,0.000877660990227014
37120,0.0131007255986333
37124,0.0866365432739258
37127,0.00199593557044864
37131,0.00120834936387837
37132,0.0183238554745913
37134,0.24922326207161
37139,0.0096290810033679
37140,0.00178392860107124
37142,0.0433449931442738
37145,0.016301354393363
37147,0.0223302245140076
37148,0.0055317166261375
37150,0.0017779276240617
37152,0.00708788633346558
37153,0.0186398364603519
37155,0.000443495897343382
37156,0.0152799366042018
37160,0.0179620627313852
37162,0.131596773862839
37166,0.0410335846245289
37169,0.136390268802643
37173,0.50905567407608
37178,0.00105376751162112
37181,0.120642557740211
37186,0.00509716523811221
37188,0.00831172987818718
37192,0.033426757901907
37198,0.0594764426350594
37201,0.00202579982578754
37203,0.0217204540967941
37205,0.0013603416737169
37207,0.00702044274657965
37209,0.0514984838664532
37212,0.185021355748177
37226,0.0106644583866
37232,0.033122755587101
37234,0.00657912623137236
37236,0.00281551107764244
37239,0.00359835242852569
37242,0.180821612477303
37246,0.0028466647490859
37247,0.0247345920652151
37248,0.615367710590363
37252,0.0064297872595489
37255,0.0113467052578926
37259,0.28006374835968
37269,0.00825533736497164
37277,0.111866377294064
37280,0.159361883997917
37282,0.0323960334062576
37283,0.0866232365369797
37284,0.0152062615379691
37285,0.00742052914574742
37288,0.0314965359866619
37289,0.00445964699611068
37292,0.011348245665431
37295,0.032301302999258
37297,0.377929449081421
37299,0.0382727831602097
37307,0.00493223173543811
37309,0.185761958360672
37315,0.529289603233337
37316,0.0223516058176756
37319,0.00863417237997055
37324,0.00236777006648481
37325,0.0526572391390801
37337,0.326141357421875
37343,0.0171757191419601
37347,0.000968277105130255
37348,0.0146476523950696
37351,0.0014534454094246
37354,0.198342174291611
37356,0.0357621610164642
37357,0.259828925132751
37359,0.0303205624222755
37363,0.00455288402736187
37364,0.0611519403755665
37365,0.338714867830277
37368,0.162512943148613
37373,0.00266611762344837
37377,0.0218444298952818
37382,0.0114016486331821
37383,0.042213074862957
37389,0.0194865856319666
37390,0.0186461471021175
37391,0.617749929428101
37392,0.0219696573913097
37395,0.0200672261416912
37399,0.0184327270835638
37411,0.848982274532318
37415,0.0647898241877556
37421,0.000839089625515044
37423,0.00101655873004347
37424,0.00648111151531339
37425,0.0056032813154161
37429,0.00309810740873218
37433,0.000558767758775502
37435,0.0175926256924868
37439,0.564744174480438
37447,0.00194532156456262
37451,0.00179735838901252
37453,0.0393667779862881
37455,0.762632608413696
37456,0.0158324502408504
37468,0.00677794450893998
37472,0.00552519178017974
37478,0.077786386013031
37484,0.00547349639236927
37487,0.00234789913520217
37497,0.00300883408635855
37498,0.23379710316658
37501,0.0196244306862354
37503,0.115447863936424
37505,0.0301709566265345
37523,0.0552634783089161
37527,0.000869197538122535
37528,0.00473126024007797
37531,0.395206570625305
37532,0.00100441533140838
37533,0.0247536469250917
37534,0.0322675853967667
37536,0.00420987512916327
37537,0.00341682927682996
37549,0.508926689624786
37554,0.000560087442863733
37557,0.00663839234039187
37561,0.00118277210276574
37563,0.00254537514410913
37565,0.000949546869378537
37566,0.00123936496675015
37569,0.00569511251524091
37570,0.0187321547418833
37571,0.000874961086083204
37573,0.175878569483757
37576,0.019060792401433
37581,0.781921565532684
37583,0.0530384667217732
37588,0.00147718319203705
37594,0.0171912368386984
37597,0.350824296474457
37599,0.0135571425780654
37603,0.0188189223408699
37604,0.00803001131862402
37605,0.021194089204073
37607,0.00179876550100744
37609,0.0537451356649399
37618,0.357216954231262
37620,0.0415148846805096
37625,0.0324272327125073
37630,0.0173507537692785
37632,0.0116036552935839
37635,0.0393602028489113
37637,0.00693966308608651
37642,0.00246862508356571
37643,0.00142742646858096
37645,0.436594873666763
37648,0.0531069710850716
37649,0.00646162545308471
37655,0.128436103463173
37656,0.0101348645985127
37657,0.00199684756807983
37663,0.00791050493717194
37669,0.359700173139572
37673,0.00193651230074465
37674,0.576075196266174
37681,0.0243086535483599
37684,0.0202406104654074
37685,0.00493252230808139
37687,0.0350512564182282
37691,0.627133667469025
37693,0.657153248786926
37696,0.117802917957306
37698,0.0116842892020941
37699,0.490975797176361
37703,0.0369223468005657
37705,0.0206639356911182
37707,0.388447433710098
37709,0.248506292700768
37710,0.00732955429702997
37711,0.78401106595993
37717,0.00174874439835548
37719,0.001289410633035
37722,0.0402884110808373
37723,0.0410823523998261
37730,0.019697392359376
37735,0.00398946180939674
37739,0.000528562988620251
37741,0.00544948177412152
37748,0.379461705684662
37749,0.0127675998955965
37755,0.00783243495970964
37756,0.00394200161099434
37759,0.0364449135959148
37765,0.0377568304538727
37766,0.085886225104332
37767,0.00109627051278949
37775,0.00354599114507437
37778,0.0062501672655344
37783,0.0239003729075193
37784,0.699392080307007
37790,0.198229536414146
37792,0.109474658966064
37794,0.0203989837318659
37796,0.000906412897165865
37797,0.0641552805900574
37798,0.00269885337911546
37803,0.00589145114645362
37807,0.717624962329865
37811,0.186144158244133
37816,0.0547981858253479
37820,0.005695806350559
37822,0.00229785940609872
37824,0.00114622933324426
37826,0.000763231597375125
37827,0.169452518224716
37831,0.017566405236721
37832,0.00105514074675739
37838,0.0184579323977232
37839,0.000814513361547142
37841,0.00538547663018107
37845,0.00935829058289528
37846,0.00284933112561703
37847,0.000514648680109531
37848,0.0194680318236351
37857,0.0413355641067028
37858,0.0724263265728951
37864,0.0039718528278172
37865,0.195927768945694
37870,0.0393740274012089
37876,0.022260058671236
37877,0.0112682087346911
37878,0.00791577622294426
37882,0.0172555893659592
37885,0.0104278353974223
37887,0.0203708037734032
37888,0.370340317487717
37890,0.00437685567885637
37895,0.284536093473434
37902,0.133797943592072
37904,0.0517612509429455
37906,0.0157562512904406
37912,0.469456225633621
37922,0.00211767642758787
37923,0.00421634456142783
37931,0.0177341550588608
37933,0.0171853005886078
37937,0.0101471850648522
37945,0.00429350510239601
37946,0.0389028526842594
37948,0.0186788830906153
37949,0.10727421194315
37954,0.0031134185846895
37955,0.106139458715916
37958,0.165181070566177
37963,0.0153875267133117
37966,0.206238836050034
37967,0.00317856832407415
37968,0.0406606122851372
37971,0.00751987472176552
37972,0.00126465444918722
37976,0.670420527458191
37977,0.00661715725436807
37978,0.0727195739746094
37979,0.0277920458465815
37980,0.0734481140971184
37983,0.00127566698938608
37984,0.238440215587616
37985,0.0109439995139837
37987,0.00194336159620434
37989,0.00838547945022583
37990,0.0520829372107983
37991,0.302420347929001
37996,0.0564330816268921
37997,0.00245079211890698
38002,0.00525154313072562
38011,0.0191489402204752
38015,0.0680869519710541
38025,0.130132809281349
38027,0.00372887076810002
38029,0.0020354010630399
38030,0.00106401299126446
38036,0.17264412343502
38038,0.000732556043658406
38044,0.00552573380991817
38051,0.000820015324279666
38057,0.000501474598422647
38060,0.0052120229229331
38066,0.00997765734791756
38068,0.00232051382772625
38071,0.00349004496820271
38074,0.00634036026895046
38078,0.000958072312641889
38081,0.0515184216201305
38095,0.00361604942008853
38101,0.0119813177734613
38102,0.00296019436791539
38103,0.00248162029311061
38104,0.0106827355921268
38108,0.223252236843109
38114,0.000471121806185693
38118,0.000629019574262202
38131,0.711462914943695
38132,0.00159858365077525
38134,0.0166120268404484
38138,0.0246688816696405
38145,0.00226676231250167
38148,0.00601894455030561
38151,0.578405201435089
38152,0.00715725356712937
38164,0.00615570461377502
38169,0.101579152047634
38174,0.0144090270623565
38175,0.0167895741760731
38184,0.00471476744860411
38187,0.00136522750835866
38191,0.00158491067122668
38193,0.0848025530576706
38195,0.00798725802451372
38197,0.0316225290298462
38198,0.000655310577712953
38205,0.0276747457683086
38211,0.0288101322948933
38212,0.433176308870316
38214,0.0481154955923557
38219,0.000790083897300065
38220,0.0153453713282943
38224,0.00188024563249201
38229,0.613166332244873
38232,0.110838770866394
38234,0.0336289219558239
38236,0.0013382158940658
38239,0.17583155632019
38241,0.0145682916045189
38248,0.00238208309747279
38251,0.00507540721446276
38258,0.000880148611031473
38259,0.0987450629472733
38262,0.00306312134489417
38263,0.63798451423645
38264,0.146811261773109
38265,0.000469748309114948
38266,0.0200780015438795
38268,0.000685201666783541
38279,0.00681806588545442
38280,0.108504623174667
38283,0.00201721698977053
38286,0.0137075493112206
38288,0.0145659446716309
38289,0.156865850090981
38290,0.487299084663391
38293,0.00448877643793821
38297,0.0495539531111717
38299,0.014507008716464
38305,0.128843232989311
38308,0.00118451856542379
38310,0.301710307598114
38319,0.00118137593381107
38321,0.00510012544691563
38322,0.00233883038163185
38327,0.0683507770299912
38331,0.0204232688993216
38332,0.000833848200272769
38334,0.00154819630552083
38336,0.019983135163784
38342,0.102637410163879
38346,0.0127757638692856
38347,0.218904137611389
38349,0.130529969930649
38357,0.023359851911664
38367,0.00311788404360414
38369,0.00180625531356782
38381,0.0253121703863144
38385,0.0419742800295353
38389,0.00317216268740594
38391,0.0109139550477266
38392,0.00430205650627613
38394,0.00391648430377245
38395,0.425040721893311
38397,0.00640437984839082
38402,0.0447427555918694
38409,0.0213114805519581
38410,0.502888143062592
38412,0.00118736701551825
38424,0.00130648235790432
38427,0.0037715882062912
38434,0.373778998851776
38436,0.00568780209869146
38439,0.0253696367144585
38445,0.0777940452098846
38446,0.00331842433661222
38447,0.011459032073617
38450,0.526785433292389
38453,0.585032403469086
38454,0.0146374078467488
38455,0.17606945335865
38459,0.0480699688196182
38465,0.205515414476395
38471,0.0022807689383626
38474,0.0801425501704216
38477,0.0158886816352606
38485,0.0362688899040222
38494,0.00130790786352009
38495,0.450419157743454
38500,0.033884558826685
38511,0.058393407613039
38512,0.00150205381214619
38514,0.00217740051448345
38518,0.00889837555587292
38520,0.00561232166364789
38521,0.00914896279573441
38523,0.710002064704895
38532,0.290674328804016
38535,0.262839466333389
38536,0.012360280379653
38537,0.0312121082097292
38539,0.0130645493045449
38546,0.731197714805603
38547,0.00158494093921036
38548,0.00157300650607795
38553,0.000940560188610107
38557,0.726985514163971
38560,0.00977644603699446
38567,0.00274463044479489
38568,0.00691237300634384
38572,0.0464816838502884
38574,0.0018992128316313
38580,0.00062998104840517
38582,0.196485504508019
38583,0.00287728337571025
38587,0.00660768849775195
38588,0.00322218402288854
38589,0.00749225867912173
38591,0.592467427253723
38592,0.0008235017885454
38597,0.125578746199608
38600,0.00143624853808433
38602,0.00210761581547558
38603,0.00400125468149781
38606,0.582586586475372
38607,0.00691253319382668
38609,0.0376583226025105
38616,0.0577398613095284
38619,0.0818391740322113
38620,0.058326929807663
38622,0.0267395954579115
38625,0.00288686761632562
38626,0.00283229537308216
38632,0.0319429561495781
38641,0.000924450752791017
38648,0.0025713094510138
38649,0.204230174422264
38653,0.0303007960319519
38657,0.0573399104177952
38658,0.00673753395676613
38663,0.0142418406903744
38668,0.479870587587357
38673,0.120985552668571
38675,0.00136924523394555
38676,0.00189121754374355
38678,0.00570545019581914
38679,0.0154959354549646
38683,0.0077064111828804
38685,0.00296109379269183
38693,0.0463762879371643
38694,0.0022565855178982
38701,0.557835280895233
38711,0.00048340143985115
38714,0.274765223264694
38718,0.0513029173016548
38725,0.000810171535704285
38729,0.551393151283264
38735,0.000759539194405079
38736,0.0025739842094481
38739,0.00494484789669514
38742,0.000612841045949608
38745,0.0120974276214838
38749,0.00110666989348829
38754,0.273735463619232
38758,0.000855102145578712
38760,0.0889920145273209
38763,0.00099096808116883
38769,0.000429057312430814
38771,0.00561170978471637
38772,0.0213753096759319
38776,0.0954783856868744
38777,0.00140983611345291
38779,0.00172114092856646
38780,0.00307846930809319
38783,0.00245866202749312
38786,0.00267532304860652
38798,0.00118985562585294
38801,0.000599107122980058
38802,0.00164844212122262
38803,0.000766438140999526
38805,0.00813713390380144
38808,0.00392140774056315
38809,0.000794371124356985
38814,0.0479123070836067
38818,0.00548869697377086
38825,0.000558276078663766
38826,0.00596341118216515
38832,0.00148961879312992
38835,0.01214231364429
38841,0.00118399178609252
38842,0.124558016657829
38846,0.00436153123155236
38847,0.00747700594365597
38851,0.00210335291922092
38856,0.197311043739319
38857,0.00718797370791435
38858,0.121605694293976
38859,0.0975469276309013
38860,0.0286940988153219
38867,0.0172114856541157
38868,0.0120553690940142
38873,0.00502740498632193
38874,0.00100432592444122
38875,0.0150621132925153
38881,0.0415819324553013
38884,0.00220083957538009
38886,0.0313388966023922
38888,0.0321316197514534
38890,0.566993772983551
38892,0.0155180720612407
38893,0.0180719755589962
38898,0.0238512102514505
38900,0.0375945195555687
38902,0.000882182153873146
38905,0.0193899776786566
38908,0.0144591201096773
38909,0.00108020100742579
38912,0.00758236367255449
38913,0.754801273345947
38925,0.0690943524241447
38928,0.568905174732208
38929,0.405361741781235
38934,0.0109283765777946
38937,0.0291543062776327
38938,0.0249030683189631
38939,0.00143817497882992
38943,0.00127331377007067
38946,0.0215504206717014
38948,0.00698442524299026
38949,0.00162542890757322
38953,0.00993723515421152
38955,0.0872433185577393
38960,0.0217591822147369
38961,0.0882307514548302
38963,0.543397724628449
38965,0.00456595793366432
38966,0.00125588034279645
38969,0.554701209068298
38972,0.107322230935097
38974,0.000590031268075109
38975,0.00346304639242589
38984,0.037690706551075
38988,0.016843082383275
38994,0.023295383900404
38998,0.0114011270925403
39000,0.0159243531525135
39001,0.00495874276384711
39007,0.0238122288137674
39030,0.00672458484768868
39031,0.428702294826508
39033,0.00663457904011011
39035,0.0100354049354792
39046,0.369145333766937
39051,0.778957366943359
39054,0.01145498175174
39055,0.343323290348053
39058,0.0329100415110588
39059,0.274541079998016
39062,0.0162457972764969
39063,0.00419900845736265
39074,0.0117398584261537
39075,0.0210178382694721
39076,0.0014379114145413
39080,0.650002360343933
39083,0.108542822301388
39089,0.0175213571637869
39091,0.192499488592148
39094,0.71968150138855
39098,0.00761914066970348
39099,0.334224700927734
39103,0.00258434237912297
39105,0.368141263723373
39107,0.14826911687851
39108,0.194177716970444
39110,0.0180592965334654
39118,0.572289943695068
39124,0.46065953373909
39125,0.0242164041846991
39126,0.0573747679591179
39128,0.00159994489513338
39133,0.00474298885092139
39134,0.00862977746874094
39137,0.316107243299484
39141,0.00191352528054267
39154,0.00946261454373598
39157,0.0246268678456545
39160,0.00311314174905419
39162,0.00925911217927933
39167,0.0105058280751109
39171,0.164120838046074
39174,0.00093859079061076
39175,0.056362509727478
39178,0.0837493538856506
39186,0.00521048018708825
39188,0.0306381154805422
39189,0.0012341340770945
39195,0.0969914942979813
39199,0.0109553812071681
39200,0.334489047527313
39201,0.323073118925095
39204,0.00102710362989455
39205,0.132098153233528
39206,0.00265187257900834
39208,0.00405083317309618
39210,0.452561467885971
39211,0.00148228334728628
39214,0.0342895351350307
39216,0.519895076751709
39219,0.166624188423157
39222,0.227721005678177
39223,0.00967665296047926
39229,0.00292826001532376
39230,0.07676762342453
39231,0.0322193168103695
39233,0.00160927593242377
39235,0.00304186413995922
39244,0.297105520963669
39248,0.00148201524280012
39252,0.365616619586945
39255,0.00174663471989334
39256,0.000653618364594877
39257,0.00243399059399962
39259,0.00242268084548414
39264,0.0142565611749887
39265,0.000508707307744771
39267,0.00199100258760154
39272,0.00197118613868952
39275,0.000587890855967999
39278,0.00228472612798214
39289,0.014927951619029
39293,0.000858658342622221
39295,0.00259287655353546
39304,0.00207770639099181
39309,0.229680597782135
39310,0.000776852073613554
39312,0.00178538868203759
39313,0.143465742468834
39319,0.00943737290799618
39320,0.00385542935691774
39323,0.00622329441830516
39332,0.0271672271192074
39339,0.00107629504054785
39343,0.00112015008926392
39356,0.00353151396848261
39358,0.00132459902670234
39363,0.0251607727259398
39365,0.0657027140259743
39371,0.227192610502243
39384,0.0934733897447586
39386,0.623247146606445
39388,0.61849308013916
39390,0.226506143808365
39391,0.145917639136314
39393,0.0632272437214851
39395,0.0613061934709549
39398,0.140321880578995
39405,0.118425689637661
39406,0.0703978314995766
39407,0.353688895702362
39411,0.0144358668476343
39412,0.37754899263382
39413,0.818003416061401
39418,0.347451686859131
39419,0.0118857976049185
39425,0.576828837394714
39427,0.136213719844818
39431,0.00567591423168778
39435,0.00271581974811852
39436,0.00660783844068646
39437,0.082389123737812
39445,0.0812212079763413
39452,0.349845916032791
39456,0.333232074975967
39457,0.0978169813752174
39461,0.0553003773093224
39465,0.265209674835205
39473,0.192627266049385
39480,0.342106878757477
39484,0.0271434187889099
39485,0.392900735139847
39486,0.0347629673779011
39491,0.0102161979302764
39496,0.424011677503586
39497,0.12060409039259
39498,0.0981975421309471
39500,0.00504928408190608
39501,0.120157055556774
39513,0.0155533337965608
39514,0.031847283244133
39518,0.301066875457764
39526,0.355727344751358
39527,0.836932420730591
39529,0.00655630324035883
39530,0.744061708450317
39531,0.0244602188467979
39532,0.184422209858894
39535,0.0315410196781158
39537,0.136508330702782
39540,0.149429261684418
39544,0.223291769623756
39547,0.0192332770675421
39548,0.74048238992691
39561,0.0470329411327839
39562,0.0613373667001724
39567,0.794613718986511
39572,0.463166415691376
39576,0.134472548961639
39577,0.45600700378418
39578,0.161978751420975
39579,0.223128288984299
39590,0.175474002957344
39596,0.720353782176971
39597,0.0465628318488598
39605,0.108318418264389
39614,0.064400851726532
39617,0.612248539924622
39620,0.225269570946693
39629,0.03451357036829
39630,0.268573075532913
39635,0.003578384174034
39637,0.0152294021099806
39639,0.132990181446075
39642,0.0342451371252537
39643,0.317481398582459
39646,0.125554665923119
39649,0.421145081520081
39650,0.884438872337341
39651,0.372961610555649
39653,0.0284819658845663
39655,0.58768230676651
39657,0.0131270149722695
39661,0.0510318987071514
39663,0.759653687477112
39666,0.048876017332077
39667,0.361953675746918
39670,0.0158713404089212
39671,0.0461110211908817
39677,0.221555486321449
39680,0.180684268474579
39682,0.15302112698555
39684,0.162842109799385
39686,0.488927602767944
39690,0.270300209522247
39692,0.0330664440989494
39698,0.430805742740631
39701,0.111418336629868
39708,0.407191038131714
39712,0.0956034436821938
39713,0.0151755027472973
39715,0.373441725969315
39718,0.389947921037674
39719,0.0200469400733709
39720,0.0223016254603863
39724,0.0494579561054707
39726,0.0717358589172363
39729,0.0254251062870026
39732,0.202449008822441
39734,0.380295068025589
39735,0.184019505977631
39741,0.390880405902863
39743,0.0187609121203423
39744,0.0451112166047096
39745,0.327509373426437
39749,0.0028212764300406
39752,0.0117392279207706
39753,0.885079085826874
39754,0.0677448213100433
39755,0.535974681377411
39756,0.0471809506416321
39757,0.523710548877716
39759,0.294081300497055
39763,0.670741260051727
39765,0.787581741809845
39768,0.0756553858518601
39770,0.373636931180954
39771,0.768228769302368
39772,0.0728271827101708
39774,0.299565017223358
39783,0.659574151039124
39788,0.874318063259125
39790,0.790269434452057
39793,0.365633130073547
39795,0.0844768211245537
39797,0.183027535676956
39801,0.245331257581711
39805,0.0401205085217953
39806,0.313200414180756
39811,0.362803518772125
39812,0.654217720031738
39814,0.152125254273415
39815,0.494856894016266
39817,0.467454224824905
39821,0.883604764938355
39822,0.647606551647186
39823,0.359526574611664
39824,0.888179063796997
39834,0.0637167170643807
39835,0.0429219752550125
39838,0.536706805229187
39841,0.692813694477081
39842,0.142980545759201
39848,0.824727952480316
39859,0.648612797260284
39861,0.577606678009033
39870,0.200685873627663
39872,0.0485057756304741
39886,0.172630295157433
39889,0.134881302714348
39896,0.760137140750885
39897,0.0912792161107063
39900,0.13149482011795
39905,0.0412016771733761
39907,0.132934704422951
39908,0.560695946216583
39915,0.367659509181976
39918,0.408933341503143
39919,0.101931482553482
39929,0.0317329056560993
39934,0.0248790495097637
39935,0.0428073816001415
39941,0.0820669084787369
39942,0.0365356206893921
39944,0.276784628629684
39953,0.543630003929138
39955,0.142618417739868
39959,0.520011246204376
39960,0.641052484512329
39961,0.802652955055237
39963,0.632461488246918
39969,0.727548956871033
39970,0.0343964323401451
39971,0.668484926223755
39983,0.48817965388298
39986,0.0280762910842896
39989,0.766455769538879
39995,0.672976732254028
39999,0.831141591072083
40000,0.0336683876812458
40001,0.348975419998169
40004,0.412626951932907
40012,0.683827638626099
40019,0.927632212638855
40021,0.0621952153742313
40024,0.732111215591431
40025,0.0167420189827681
40026,0.336095362901688
40030,0.815268218517304
40038,0.309483915567398
40041,0.651472926139832
40043,0.0559499859809876
40049,0.138332039117813
40050,0.685198664665222
40051,0.177373573184013
40052,0.126551166176796
40056,0.327688723802567
40057,0.478802710771561
40059,0.203768566250801
40060,0.91979593038559
40062,0.408009469509125
40065,0.148190557956696
40067,0.0656320005655289
40071,0.122640378773212
40073,0.520121455192566
40074,0.0372483544051647
40075,0.392728894948959
40081,0.0706065446138382
40082,0.344998300075531
40083,0.0463173910975456
40084,0.138008922338486
40088,0.10767163336277
40095,0.174364775419235
40098,0.729208171367645
40101,0.422247886657715
40104,0.471190810203552
40111,0.1403439193964
40112,0.0797112733125687
40114,0.0174836535006762
40117,0.0870401412248612
40121,0.0272099319845438
40125,0.927302777767181
40127,0.417657852172852
40130,0.313727825880051
40133,0.442116677761078
40134,0.253248661756516
40137,0.439783304929733
40141,0.429237931966782
40151,0.51128476858139
40152,0.177672058343887
40154,0.419301241636276
40155,0.450434178113937
40156,0.826524317264557
40158,0.47169229388237
40162,0.0308880899101496
40165,0.25843733549118
40166,0.0127017749473453
40169,0.581726253032684
40172,0.455793917179108
40177,0.113239899277687
40181,0.221914812922478
40182,0.0708471611142159
40185,0.051829069852829
40187,0.0975964441895485
40188,0.59064644575119
40190,0.306123942136765
40194,0.0215264577418566
40196,0.0518935397267342
40197,0.760613262653351
40201,0.0606597177684307
40203,0.124856695532799
40204,0.122900977730751
40205,0.498161375522614
40206,0.132788062095642
40208,0.12871228158474
40213,0.884893000125885
40215,0.335771232843399
40218,0.241602063179016
40220,0.704548358917236
40222,0.0237446539103985
40223,0.324280291795731
40228,0.2950798869133
40229,0.278827875852585
40232,0.0429978631436825
40235,0.102761201560497
40236,0.396730363368988
40237,0.121009819209576
40241,0.0136692309752107
40244,0.00885727070271969
40246,0.636537969112396
40247,0.309971213340759
40254,0.0537213683128357
40260,0.309629172086716
40262,0.110097505152226
40272,0.0578963272273541
40278,0.623769462108612
40282,0.0711778327822685
40283,0.706900894641876
40284,0.033567912876606
40286,0.393931537866592
40287,0.0300398133695126
40292,0.0103501323610544
40298,0.753387212753296
40300,0.136957690119743
40301,0.342404782772064
40302,0.192777320742607
40304,0.107460550963879
40306,0.314758718013763
40309,0.522650122642517
40315,0.0150939710438252
40320,0.0428388677537441
40321,0.496921300888062
40324,0.0395444557070732
40325,0.547899067401886
40328,0.00482565304264426
40329,0.320478916168213
40333,0.129160359501839
40334,0.0076465904712677
40340,0.256752997636795
40344,0.168548971414566
40346,0.125460490584373
40351,0.702464640140533
40352,0.0263107586652041
40354,0.0603286437690258
40355,0.146066069602966
40362,0.212770760059357
40364,0.653199791908264
40365,0.0657626241445541
40367,0.862074851989746
40368,0.799192488193512
40370,0.116164803504944
40371,0.830730438232422
40373,0.0104807950556278
40374,0.435306876897812
40376,0.664742648601532
40377,0.253811448812485
40379,0.304456144571304
40381,0.83071631193161
40383,0.572665989398956
40387,0.135464176535606
40392,0.142249092459679
40396,0.030079759657383
40404,0.0849144756793976
40412,0.373861849308014
40414,0.088781863451004
40417,0.246327474713326
40418,0.865151822566986
40424,0.0235743653029203
40429,0.32254159450531
40430,0.40100622177124
40431,0.0861312597990036
40433,0.0415453389286995
40436,0.0636300668120384
40444,0.178093060851097
40446,0.314738512039185
40452,0.524391412734985
40457,0.642273604869843
40458,0.382119685411453
40463,0.490923821926117
40465,0.020586246624589
40468,0.035183422267437
40471,0.243985325098038
40473,0.294882714748383
40476,0.0113763883709908
40481,0.030325872823596
40486,0.015119519084692
40489,0.0245494619011879
40490,0.136996895074844
40491,0.788474678993225
40495,0.312976896762848
40496,0.802772581577301
40497,0.0162748042494059
40498,0.0588498674333096
40499,0.379538238048553
40504,0.0306925643235445
40507,0.637031853199005
40512,0.155976384878159
40513,0.39210844039917
40516,0.124786414206028
40519,0.0210086163133383
40522,0.0674851462244988
40524,0.425617694854736
40527,0.584746718406677
40533,0.16007237136364
40535,0.00871668569743633
40536,0.107978947460651
40539,0.0761779025197029
40547,0.291105210781097
40552,0.156368136405945
40554,0.0741387158632278
40558,0.00782343931496143
40563,0.0906166881322861
40566,0.00425404543057084
40568,0.0448892936110497
40575,0.0107209170237184
40580,0.163045525550842
40584,0.0202669240534306
40585,0.0293030142784119
40586,0.132375836372376
40587,0.259894132614136
40588,0.0343309044837952
40596,0.164228886365891
40597,0.271980762481689
40599,0.213648557662964
40600,0.0662973821163178
40601,0.0139415040612221
40603,0.0652066469192505
40608,0.791033089160919
40612,0.23065160214901
40614,0.0494437664747238
40615,0.338527917861939
40617,0.132968172430992
40619,0.668008029460907
40621,0.0399657897651196
40624,0.516463339328766
40629,0.721048831939697
40631,0.840644001960754
40632,0.785356283187866
40634,0.216187819838524
40635,0.792513072490692
40638,0.459447950124741
40642,0.184774979948998
40643,0.803265869617462
40646,0.449861258268356
40648,0.528742372989655
40649,0.173143744468689
40650,0.592707991600037
40651,0.550185322761536
40661,0.00388761283829808
40665,0.00757165718823671
40671,0.312711268663406
40674,0.0322866328060627
40676,0.517654120922089
40677,0.395142793655396
40680,0.398089081048965
40683,0.0114745823666453
40685,0.0414192862808704
40686,0.175954639911652
40692,0.0103095164522529
40701,0.427160561084747
40707,0.606878757476807
40713,0.0415509566664696
40720,0.464108288288117
40723,0.109566904604435
40727,0.484188139438629
40730,0.0310520380735397
40732,0.0580883845686913
40735,0.850659430027008
40740,0.602626621723175
40746,0.400399714708328
40750,0.714905619621277
40753,0.238800644874573
40755,0.337237149477005
40760,0.126839160919189
40772,0.279173493385315
40776,0.874322175979614
40789,0.0394329838454723
40792,0.0845180973410606
40793,0.346828788518906
40796,0.113615266978741
40800,0.467122495174408
40803,0.216110825538635
40812,0.49664568901062
40814,0.796178638935089
40829,0.668491780757904
40833,0.0354139879345894
40837,0.676958858966827
40840,0.015319712460041
40845,0.0126717602834106
40847,0.139376878738403
40848,0.504497528076172
40850,0.0155552830547094
40852,0.786240100860596
40853,0.480002820491791
40861,0.129943773150444
40863,0.897294998168945
40867,0.877381801605225
40875,0.457696378231049
40877,0.78089714050293
40889,0.204188317060471
40890,0.644405722618103
40896,0.0434606000781059
40901,0.00464803632348776
40903,0.725369870662689
40906,0.0563642121851444
40907,0.026008227840066
40916,0.00814819429069758
40918,0.710143327713013
40923,0.0113811250776052
40924,0.144677892327309
40925,0.157776176929474
40926,0.5953768491745
40930,0.666431248188019
40931,0.348864406347275
40932,0.0275903102010489
40944,0.659165978431702
40954,0.265751242637634
40958,0.641235709190369
40959,0.416682004928589
40963,0.450417250394821
40966,0.0288330912590027
40970,0.843739032745361
40972,0.123156107962132
40976,0.14723764359951
40984,0.0756191462278366
40985,0.734981119632721
40987,0.0238793306052685
40990,0.00487396260723472
40991,0.0417692810297012
40993,0.533542156219482
40995,0.28061044216156
40997,0.0590246841311455
41003,0.0535446144640446
41004,0.483424812555313
41006,0.626092314720154
41009,0.719375431537628
41013,0.0794705450534821
41015,0.585032284259796
41016,0.0855559781193733
41019,0.00750873703509569
41022,0.406484365463257
41032,0.0599393099546433
41040,0.0405766144394875
41044,0.462813526391983
41047,0.0345653966069222
41050,0.36483895778656
41053,0.929277360439301
41057,0.105949118733406
41058,0.35866641998291
41062,0.0239207800477743
41064,0.269450932741165
41070,0.645252048969269
41071,0.00717344740405679
41075,0.0114544900134206
41080,0.349475353956223
41086,0.670623362064362
41088,0.0109507832676172
41091,0.156636044383049
41092,0.339583843946457
41102,0.21807873249054
41105,0.231040596961975
41113,0.0614760890603066
41114,0.285079568624496
41120,0.0661770105361939
41122,0.809086263179779
41124,0.0292621534317732
41127,0.246648848056793
41128,0.214098438620567
41129,0.045596320182085
41131,0.00910272728651762
41137,0.0240006484091282
41139,0.0178504940122366
41155,0.147369131445885
41158,0.236508011817932
41159,0.0266173407435417
41169,0.0990995243191719
41171,0.0821531787514687
41174,0.0953392907977104
41182,0.186080813407898
41184,0.162077203392982
41197,0.206131175160408
41198,0.0709166750311852
41199,0.156306490302086
41206,0.00944112241268158
41211,0.547136783599854
41213,0.00268406118266284
41214,0.153866827487946
41215,0.0229050740599632
41217,0.0826782807707787
41227,0.250263065099716
41237,0.0380835458636284
41241,0.622503578662872
41244,0.00587862962856889
41246,0.337151050567627
41249,0.102574624121189
41250,0.464244157075882
41252,0.495080590248108
41253,0.0782738998532295
41257,0.00461667962372303
41260,0.0949833914637566
41264,0.66243702173233
41265,0.323854058980942
41266,0.303604781627655
41269,0.132134556770325
41271,0.329397410154343
41272,0.355797469615936
41274,0.0507076866924763
41279,0.574091136455536
41280,0.760678768157959
41284,0.0282680112868547
41285,0.142011150717735
41290,0.0394229590892792
41295,0.398626744747162
41296,0.346579641103745
41300,0.1915333122015
41301,0.0405449606478214
41304,0.548620939254761
41312,0.297094464302063
41322,0.0377332344651222
41325,0.0551194287836552
41327,0.0718143582344055
41330,0.0220304615795612
41331,0.01854501478374
41334,0.246926739811897
41335,0.484609216451645
41346,0.100667148828506
41348,0.00893137231469154
41353,0.170089349150658
41354,0.0432956777513027
41355,0.356172651052475
41360,0.0316042006015778
41366,0.28602460026741
41368,0.0756819471716881
41370,0.0043999538756907
41376,0.146187499165535
41383,0.195561498403549
41384,0.118219926953316
41385,0.160850450396538
41390,0.0517426617443562
41392,0.0926015377044678
41393,0.292042136192322
41395,0.359794110059738
41397,0.243575841188431
41398,0.579824268817902
41399,0.188066959381104
41403,0.139373138546944
41406,0.607381045818329
41414,0.49294438958168
41424,0.024619098752737
41429,0.32926744222641
41435,0.148108080029488
41442,0.068138875067234
41443,0.363659501075745
41448,0.0284609626978636
41449,0.059706624597311
41452,0.421140134334564
41454,0.825889647006989
41456,0.525528490543366
41460,0.141607508063316
41461,0.0605049952864647
41466,0.129221230745316
41467,0.0343980342149735
41468,0.704946517944336
41473,0.803178787231445
41474,0.871751844882965
41475,0.583660960197449
41476,0.508859157562256
41478,0.128519609570503
41482,0.419703364372253
41484,0.301940500736237
41486,0.655140399932861
41491,0.672626912593842
41503,0.47035676240921
41505,0.113873638212681
41512,0.474664002656937
41516,0.316048085689545
41518,0.526803612709045
41519,0.537448048591614
41526,0.5829216837883
41528,0.335837721824646
41531,0.130239725112915
41532,0.102669477462769
41533,0.763831317424774
41535,0.417184621095657
41536,0.313987880945206
41546,0.371001243591309
41549,0.61009031534195
41551,0.418034791946411
41554,0.129925131797791
41556,0.0481137819588184
41560,0.461268067359924
41561,0.579001724720001
41562,0.29593351483345
41563,0.552154123783112
41570,0.655629754066467
41573,0.74000346660614
41575,0.519343674182892
41576,0.548454821109772
41577,0.280673384666443
41586,0.887560367584229
41589,0.87461531162262
41593,0.461136698722839
41594,0.492298454046249
41595,0.644668579101563
41596,0.611803889274597
41597,0.673830568790436
41601,0.256184339523315
41602,0.726473867893219
41605,0.015377632342279
41607,0.45623505115509
41610,0.654543220996857
41615,0.824849843978882
41622,0.594207286834717
41623,0.304647892713547
41624,0.0159093104302883
41630,0.427392333745956
41636,0.359966188669205
41638,0.615925550460815
41644,0.454680025577545
41657,0.0624160468578339
41661,0.0321642681956291
41668,0.454376995563507
41672,0.720268785953522
41678,0.0415151007473469
41680,0.318230897188187
41681,0.669806599617004
41682,0.499690353870392
41686,0.495534181594849
41689,0.135016232728958
41691,0.474521696567535
41698,0.0340631306171417
41703,0.658944129943848
41706,0.242715328931808
41708,0.480449110269547
41714,0.141931682825089
41717,0.00798163004219532
41719,0.235583305358887
41729,0.390821695327759
41733,0.0770146921277046
41737,0.074940599501133
41741,0.483127474784851
41744,0.829120635986328
41746,0.205152839422226
41753,0.495320469141007
41760,0.0395232662558556
41762,0.345660954713821
41768,0.363915771245956
41770,0.0590702779591084
41771,0.678830921649933
41773,0.735727667808533
41776,0.459473609924316
41777,0.247268915176392
41778,0.440110683441162
41781,0.368326455354691
41782,0.913583755493164
41784,0.011965736746788
41785,0.539530456066132
41787,0.814148306846619
41790,0.56924843788147
41792,0.0365216918289661
41794,0.456470012664795
41795,0.773751676082611
41798,0.108483150601387
41800,0.247569352388382
41802,0.683917045593262
41803,0.586381554603577
41805,0.110004708170891
41807,0.12176625430584
41810,0.149183541536331
41818,0.187072023749352
41820,0.422630459070206
41826,0.806540787220001
41827,0.467332541942596
41833,0.185680359601974
41835,0.554034113883972
41839,0.615015387535095
41842,0.477533459663391
41847,0.759750425815582
41851,0.12670025229454
41852,0.420675396919251
41853,0.37067374587059
41860,0.289251506328583
41864,0.651724696159363
41867,0.643970191478729
41880,0.426774650812149
41883,0.393571317195892
41886,0.69411164522171
41894,0.697468876838684
41896,0.620540201663971
41897,0.0100344717502594
41899,0.0537168122828007
41901,0.670244455337524
41902,0.0986803323030472
41906,0.134197041392326
41909,0.0139186000451446
41913,0.722702860832214
41916,0.177353709936142
41917,0.469365537166596
41918,0.900928556919098
41921,0.819110870361328
41924,0.678893566131592
41931,0.680748522281647
41935,0.536399722099304
41938,0.909182846546173
41945,0.468821704387665
41947,0.771121203899384
41950,0.403954684734345
41953,0.0897889733314514
41956,0.251225501298904
41962,0.39855819940567
41963,0.811642110347748
41975,0.265824735164642
41976,0.424909055233002
41977,0.246419832110405
41981,0.686429560184479
41987,0.530250489711762
41997,0.699081778526306
41999,0.211987689137459
42007,0.77283787727356
42012,0.170066267251968
42018,0.297396898269653
42019,0.124402709305286
42027,0.701810657978058
42030,0.586872041225433
42049,0.537668883800507
42052,0.442084521055222
42053,0.560999691486359
42058,0.0406638607382774
42059,0.395511597394943
42063,0.924648284912109
42065,0.866370916366577
42076,0.524061501026154
42078,0.013576177880168
42080,0.399831831455231
42081,0.710041463375092
42083,0.599371671676636
42084,0.327040761709213
42088,0.403465121984482
42089,0.32220521569252
42091,0.132943004369736
42097,0.0787035375833511
42105,0.215778082609177
42108,0.570988595485687
42109,0.818442404270172
42115,0.0802230909466744
42116,0.0134173044934869
42119,0.00946476869285107
42120,0.047607347369194
42124,0.0400768108665943
42127,0.565094113349915
42128,0.225720942020416
42134,0.558943092823029
42136,0.485457569360733
42142,0.506599843502045
42147,0.703626930713654
42150,0.255768895149231
42151,0.126820757985115
42155,0.701870501041412
42158,0.142362788319588
42159,0.0209013149142265
42161,0.1905228048563
42167,0.061944343149662
42170,0.683620870113373
42171,0.465035200119019
42175,0.730139493942261
42182,0.546859622001648
42183,0.0983441770076752
42187,0.640959620475769
42191,0.795442700386047
42193,0.259612917900085
42194,0.450782030820847
42197,0.162221610546112
42200,0.254012733697891
42204,0.196010738611221
42209,0.638753771781921
42213,0.152604475617409
42218,0.163441479206085
42219,0.0495496839284897
42220,0.113329529762268
42221,0.489194303750992
42223,0.381370395421982
42224,0.10711845010519
42225,0.415919691324234
42229,0.0317362174391747
42231,0.594115853309631
42232,0.0510422475636005
42233,0.43067017197609
42237,0.370118379592896
42238,0.256233364343643
42241,0.0492682456970215
42244,0.0522208251059055
42252,0.160684734582901
42259,0.531588077545166
42264,0.242868632078171
42268,0.244918167591095
42269,0.535332024097443
42273,0.43729567527771
42275,0.888989508152008
42276,0.876877367496491
42277,0.739660739898682
42280,0.54456901550293
42288,0.463690757751465
42289,0.350795447826386
42294,0.918978750705719
42305,0.600467026233673
42308,0.119064092636108
42312,0.00769729679450393
42313,0.711142003536224
42314,0.0465666130185127
42315,0.570802807807922
42316,0.245286419987679
42320,0.295153826475143
42322,0.0550035275518894
42323,0.392460316419601
42331,0.175426810979843
42333,0.127953052520752
42336,0.133223682641983
42337,0.125933602452278
42341,0.0107958363369107
42343,0.0558093823492527
42344,0.330066174268723
42345,0.0546393990516663
42346,0.0462544113397598
42350,0.0192886888980865
42351,0.876232922077179
42352,0.842408418655396
42353,0.536075055599213
42356,0.358398675918579
42359,0.0234921462833881
42360,0.0360309891402721
42364,0.686127901077271
42368,0.242764309048653
42369,0.669933974742889
42371,0.756816804409027
42375,0.307468295097351
42377,0.0207329541444778
42381,0.192047029733658
42382,0.4258893430233
42389,0.0119614815339446
42393,0.289538770914078
42396,0.749401450157166
42400,0.529220283031464
42401,0.0919418931007385
42404,0.315559864044189
42408,0.636667609214783
42409,0.526465475559235
42411,0.167230650782585
42413,0.209006235003471
42416,0.0139588862657547
42419,0.51913321018219
42423,0.0769974961876869
42424,0.818871974945068
42429,0.154251858592033
42433,0.278486251831055
42434,0.164897099137306
42436,0.370573431253433
42439,0.42926037311554
42444,0.549329221248627
42446,0.230261027812958
42449,0.812493205070496
42457,0.662402987480164
42459,0.21701668202877
42462,0.531828582286835
42464,0.0108281280845404
42468,0.0472595132887363
42470,0.611741244792938
42473,0.768077969551086
42477,0.264958560466766
42478,0.850262939929962
42480,0.668432950973511
42483,0.0547331944108009
42487,0.947098731994629
42497,0.259409576654434
42503,0.66583377122879
42504,0.762153267860413
42505,0.554313182830811
42508,0.221047282218933
42510,0.0925493016839027
42512,0.388089239597321
42514,0.34140345454216
42516,0.418663024902344
42517,0.629902958869934
42521,0.43350088596344
42523,0.0976331904530525
42532,0.439105570316315
42533,0.520411372184753
42534,0.781167089939117
42537,0.0243197549134493
42541,0.2613585293293
42542,0.171811550855637
42544,0.28556501865387
42545,0.519501566886902
42548,0.509513139724731
42552,0.318637132644653
42555,0.472522020339966
42557,0.386477053165436
42558,0.158218264579773
42561,0.00818978063762188
42572,0.468702346086502
42576,0.463787138462067
42577,0.157055675983429
42578,0.669826924800873
42579,0.90903639793396
42582,0.499872714281082
42583,0.189772710204124
42586,0.0458183251321316
42587,0.0373086519539356
42588,0.244579643011093
42590,0.016511682420969
42591,0.68496161699295
42595,0.00494077662006021
42597,0.0239748079329729
42601,0.279914736747742
42603,0.720494210720062
42606,0.0540657415986061
42609,0.433866798877716
42614,0.159025087952614
42616,0.115616530179977
42619,0.248096346855164
42626,0.104488059878349
42636,0.542637884616852
42638,0.22900827229023
42640,0.288914144039154
42642,0.168385416269302
42643,0.130880609154701
42649,0.147365644574165
42651,0.371598601341248
42652,0.0388634540140629
42656,0.0245604738593102
42660,0.149002850055695
42662,0.803013622760773
42663,0.444938749074936
42664,0.141093552112579
42672,0.484577149152756
42673,0.352757424116135
42679,0.206273570656776
42680,0.595807671546936
42683,0.125962674617767
42692,0.664778769016266
42694,0.657845735549927
42697,0.581919670104981
42699,0.122800722718239
42700,0.661582827568054
42702,0.776894092559815
42717,0.71094411611557
42719,0.326676726341248
42721,0.0721522271633148
42728,0.326385915279388
42730,0.470039457082748
42732,0.0525391809642315
42739,0.0404059663414955
42745,0.586356818675995
42746,0.405110955238342
42752,0.0203791745007038
42754,0.836118996143341
42756,0.69340991973877
42758,0.0621668510138989
42759,0.0214119534939528
42763,0.108854375779629
42767,0.107525877654552
42774,0.0113009866327047
42779,0.0426031537353992
42783,0.543466329574585
42790,0.02045688778162
42805,0.0428642146289349
42806,0.135205373167992
42812,0.0523102134466171
42814,0.0178391952067614
42816,0.0464019067585468
42820,0.144403636455536
42821,0.195440903306007
42824,0.0370978601276875
42825,0.420872896909714
42826,0.308482378721237
42838,0.29906639456749
42839,0.229222297668457
42840,0.293044447898865
42841,0.225665360689163
42847,0.548193335533142
42849,0.810410439968109
42855,0.167101681232452
42860,0.672825992107391
42863,0.0367718487977982
42865,0.434949487447739
42870,0.719230353832245
42873,0.152007013559341
42874,0.0965945869684219
42876,0.0242825374007225
42877,0.112102754414082
42880,0.535043001174927
42890,0.596787035465241
42893,0.167403846979141
42896,0.289617002010345
42898,0.0920143127441406
42899,0.831673562526703
42902,0.348048061132431
42903,0.185822263360024
42907,0.0984887927770615
42909,0.0328537002205849
42915,0.580043494701386
42916,0.156640410423279
42919,0.122076347470284
42920,0.219434782862663
42927,0.227506428956985
42928,0.606960415840149
42930,0.0443506054580212
42931,0.106349483132362
42933,0.275205492973328
42937,0.934424161911011
42942,0.66706383228302
42946,0.0350563153624535
42950,0.0279297214001417
42961,0.255193293094635
42963,0.0933674797415733
42964,0.771018028259277
42969,0.566560029983521
42973,0.191586524248123
42976,0.897645473480225
42978,0.857550263404846
42979,0.715657591819763
42981,0.719960570335388
42993,0.0363465510308743
42994,0.858904182910919
42996,0.955197215080261
43000,0.932261765003204
43013,0.515503883361816
43015,0.777399718761444
43017,0.899294555187225
43018,0.373356372117996
43020,0.587372303009033
43021,0.481092840433121
43022,0.18848617374897
43037,0.112671285867691
43038,0.746570348739624
43039,0.141748905181885
43041,0.881670475006104
43050,0.076822966337204
43057,0.0657253563404083
43058,0.259502321481705
43059,0.877834022045136
43069,0.269134223461151
43074,0.937534213066101
43080,0.246108844876289
43085,0.266189455986023
43086,0.637904465198517
43092,0.393751353025436
43095,0.0948018059134483
43096,0.288837045431137
43101,0.239895388484001
43106,0.92322838306427
43108,0.094905287027359
43116,0.0219132471829653
43118,0.162476986646652
43124,0.341999560594559
43133,0.529213726520538
43136,0.913034439086914
43142,0.0185678582638502
43144,0.0593533553183079
43149,0.776901066303253
43150,0.857285559177399
43152,0.19757604598999
43154,0.337988346815109
43158,0.911547422409058
43164,0.602174997329712
43165,0.867146849632263
43169,0.424780607223511
43172,0.00595396384596825
43175,0.780007064342499
43177,0.893046319484711
43180,0.857929110527039
43181,0.171440064907074
43183,0.724832475185394
43189,0.116650834679604
43190,0.630851149559021
43191,0.538323223590851
43193,0.91314435005188
43194,0.482578486204147
43203,0.463760077953339
43209,0.689370274543762
43219,0.181187123060226
43227,0.072374515235424
43228,0.741821646690369
43231,0.134417444467545
43237,0.125672534108162
43241,0.20661760866642
43244,0.839398503303528
43245,0.92029070854187
43246,0.612447082996368
43248,0.760791420936585
43249,0.919244825839996
43250,0.964082181453705
43257,0.933274567127228
43259,0.953370630741119
43261,0.761825680732727
43262,0.867908656597138
43265,0.412304550409317
43266,0.803960800170898
43274,0.907195508480072
43276,0.850215256214142
43287,0.349737882614136
43290,0.127131000161171
43295,0.952149987220764
43296,0.548370063304901
43297,0.559898674488068
43299,0.62438040971756
43300,0.713659048080444
43304,0.521098732948303
43305,0.708961009979248
43311,0.94279807806015
43318,0.831860780715942
43320,0.143388003110886
43321,0.432648152112961
43322,0.0439941585063934
43330,0.679072141647339
43339,0.393356144428253
43341,0.805089950561523
43356,0.746619939804077
43360,0.0440116971731186
43364,0.601158320903778
43367,0.344015508890152
43368,0.303770869970322
43372,0.415231376886368
43375,0.346593677997589
43379,0.619225144386292
43380,0.82592248916626
43381,0.75011271238327
43383,0.739100933074951
43384,0.42956954240799
43389,0.57518482208252
43393,0.621596038341522
43395,0.308266758918762
43398,0.726858854293823
43399,0.14955398440361
43404,0.323278933763504
43409,0.558330655097961
43411,0.4032381772995
43413,0.244132906198502
43418,0.252761453390121
43421,0.636741697788239
43427,0.0517546907067299
43432,0.55208021402359
43437,0.282208919525147
43439,0.271912306547165
43444,0.620157957077026
43446,0.577137231826782
43447,0.450396448373795
43449,0.689955174922943
43454,0.194440647959709
43456,0.385903626680374
43458,0.449651092290878
43459,0.37650603055954
43464,0.836981952190399
43475,0.395326912403107
43482,0.471694737672806
43485,0.32830885052681
43487,0.848996222019196
43490,0.540540277957916
43493,0.426071137189865
43497,0.728132545948029
43498,0.696235418319702
43499,0.931099116802216
43503,0.0166242606937885
43504,0.578018605709076
43505,0.804895341396332
43506,0.66685152053833
43515,0.299481272697449
43516,0.5762979388237
43518,0.590669214725494
43524,0.446883529424667
43534,0.527430355548859
43538,0.0496374852955341
43539,0.667022585868835
43541,0.661102712154388
43542,0.496067821979523
43543,0.448547929525375
43552,0.158733516931534
43553,0.491769850254059
43561,0.621221721172333
43567,0.0564318373799324
43569,0.35605588555336
43570,0.900519847869873
43571,0.886559665203095
43575,0.353411555290222
43576,0.542692720890045
43578,0.374941617250443
43589,0.796895742416382
43591,0.790620803833008
43593,0.0223203618079424
43601,0.490334659814835
43605,0.187230721116066
43609,0.0170302484184504
43610,0.699162662029266
43612,0.0955785363912582
43614,0.81736946105957
43618,0.0422904342412949
43619,0.516685128211975
43622,0.38766548037529
43624,0.139151394367218
43627,0.384666055440903
43628,0.249398484826088
43629,0.0877779349684715
43631,0.274054378271103
43632,0.172766596078873
43633,0.0218496527522802
43635,0.00180197972804308
43642,0.251810163259506
43645,0.423239141702652
43650,0.211748510599136
43653,0.715652883052826
43656,0.636474311351776
43657,0.0130060920491815
43665,0.490636140108109
43666,0.0621619448065758
43667,0.0144377462565899
43669,0.0429320335388184
43670,0.756598889827728
43673,0.567848920822144
43674,0.384324908256531
43679,0.0981820970773697
43684,0.60123872756958
43691,0.480124264955521
43698,0.682138979434967
43701,0.413336902856827
43702,0.433559238910675
43706,0.856188893318176
43710,0.396404296159744
43714,0.713278412818909
43721,0.724673986434937
43722,0.910131752490997
43727,0.816181480884552
43729,0.261206567287445
43731,0.466218620538712
43736,0.247007206082344
43746,0.304920881986618
43747,0.569250285625458
43750,0.00093939685029909
43757,0.307985723018646
43759,0.0702085196971893
43761,0.400612056255341
43762,0.37080305814743
43763,0.136365532875061
43764,0.168446213006973
43765,0.8515984416008
43766,0.541560590267181
43767,0.0216193813830614
43771,0.395041823387146
43772,0.517028450965881
43775,0.0943289548158646
43776,0.766330659389496
43778,0.737373888492584
43779,0.0986479744315147
43784,0.586142957210541
43790,0.205502644181252
43794,0.689667940139771
43797,0.177683055400848
43799,0.0655604675412178
43802,0.662160694599152
43806,0.0325281545519829
43813,0.611997544765472
43818,0.203454896807671
43824,0.590466141700745
43826,0.606795430183411
43828,0.0520265363156796
43829,0.639055907726288
43830,0.805249571800232
43833,0.732863545417786
43834,0.029334070160985
43838,0.00216730940155685
43840,0.636336803436279
43843,0.312138676643372
43844,0.533330261707306
43850,0.00327751087024808
43851,0.00243337475694716
43853,0.723679661750794
43856,0.00293722841888666
43860,0.858164787292481
43864,0.645775854587555
43866,0.00188221910502762
43869,0.834251463413239
43870,0.775760889053345
43872,0.0886664986610413
43882,0.838545739650726
43884,0.00623562512919307
43892,0.728527784347534
43893,0.932468593120575
43896,0.0130668794736266
43897,0.886413991451263
43898,0.802882611751556
43899,0.700698494911194
43900,0.776166796684265
43901,0.00260395300574601
43903,0.55153626203537
43905,0.49569109082222
43912,0.312867164611816
43914,0.846033036708832
43917,0.910147845745087
43924,0.545608818531036
43925,0.902326464653015
43926,0.820386588573456
43932,0.370581656694412
43936,0.00309883081354201
43937,0.766739308834076
43939,0.91260176897049
43949,0.21269915997982
43956,0.296302795410156
43958,0.00154478813055903
43962,0.912756860256195
43965,0.843663156032562
43967,0.86128169298172
43968,0.849521815776825
43971,0.733854055404663
43974,0.882099628448486
43981,0.23053489625454
43987,0.00326884421519935
43993,0.438783377408981
43995,0.054661225527525
43996,0.00345423072576523
43999,0.451745182275772
44000,0.00165746768470854
44002,0.00250207632780075
44005,0.911546289920807
44008,0.163528442382813
44010,0.848621964454651
44011,0.657996892929077
44017,0.881111860275269
44026,0.323691338300705
44030,0.827725470066071
44035,0.341586530208588
44036,0.194244012236595
44037,0.00555004319176078
44038,0.00209171231836081
44039,0.072003036737442
44040,0.790305316448212
44057,0.686800003051758
44060,0.00319014536216855
44062,0.00900292675942183
44063,0.0113829439505935
44064,0.357753247022629
44067,0.645816624164581
44072,0.646477580070496
44074,0.00401675887405872
44080,0.419258505105972
44083,0.266654282808304
44085,0.258411735296249
44086,0.122418440878391
44091,0.174758955836296
44093,0.59054446220398
44094,0.574198067188263
44096,0.246236652135849
44097,0.174994215369225
44099,0.776900410652161
44103,0.724987268447876
44104,0.835317075252533
44105,0.552981913089752
44107,0.159260362386704
44110,0.59874165058136
44119,0.79964691400528
44131,0.0553222112357616
44135,0.147608771920204
44136,0.672601640224457
44140,0.348765969276428
44141,0.499300450086594
44144,0.485428154468536
44146,0.843681454658508
44154,0.205318838357925
44157,0.366012454032898
44158,0.859424948692322
44163,0.859970510005951
44165,0.268060684204102
44179,0.784737408161163
44180,0.521505355834961
44184,0.374128788709641
44187,0.805379807949066
44190,0.791176378726959
44191,0.312145859003067
44192,0.688980937004089
44195,0.650200426578522
44196,0.805899560451508
44200,0.16508549451828
44201,0.796361923217773
44210,0.417090266942978
44211,0.00345937395468354
44212,0.254468113183975
44218,0.00543842650949955
44221,0.0935282632708549
44223,0.0102271921932697
44227,0.379183769226074
44229,0.125377729535103
44231,0.177915930747986
44232,0.0231703128665686
44233,0.106747232377529
44235,0.457291692495346
44236,0.121411867439747
44241,0.00145890901330858
44242,0.106070011854172
44243,0.00287589663639665
44248,0.0948214828968048
44253,0.852426290512085
44254,0.594614505767822
44256,0.748022854328156
44259,0.0363906398415566
44267,0.118229165673256
44270,0.501364171504974
44275,0.406708329916
44278,0.00222433381713927
44284,0.0149765182286501
44287,0.770725011825562
44289,0.0149980299174786
44292,0.201143756508827
44295,0.00758423609659076
44296,0.881598651409149
44297,0.595709145069122
44298,0.861014366149902
44299,0.361805438995361
44300,0.246236741542816
44301,0.584958910942078
44302,0.00464160367846489
44303,0.00185218034312129
44304,0.00593644101172686
44311,0.180723533034325
44316,0.387598127126694
44327,0.0395635850727558
44330,0.437911033630371
44332,0.792986452579498
44334,0.675635695457459
44341,0.384612411260605
44342,0.00331060797907412
44348,0.267724603414536
44351,0.872279047966003
44352,0.0326735340058804
44353,0.772195637226105
44364,0.318525105714798
44369,0.498592406511307
44375,0.0398246236145496
44379,0.0733826011419296
44382,0.140516042709351
44383,0.534404754638672
44391,0.744167566299439
44399,0.579307973384857
44400,0.333879679441452
44402,0.598898112773895
44403,0.197704330086708
44411,0.135564640164375
44414,0.0334689505398273
44415,0.611155390739441
44427,0.815076529979706
44431,0.233343824744225
44432,0.442814469337463
44433,0.127292647957802
44434,0.474726498126984
44435,0.633416771888733
44440,0.560605406761169
44446,0.117934800684452
44451,0.161017939448357
44452,0.0989467948675156
44457,0.246918857097626
44463,0.766530632972717
44464,0.851539015769959
44469,0.428516745567322
44479,0.00873319432139397
44482,0.476617425680161
44485,0.566041648387909
44486,0.653287172317505
44490,0.0538043901324272
44491,0.00932310614734888
44503,0.0505018457770348
44506,0.363306283950806
44520,0.90445876121521
44521,0.849771082401276
44522,0.83017235994339
44533,0.704925417900085
44541,0.797383010387421
44547,0.0452351346611977
44554,0.133642539381981
44556,0.938175678253174
44558,0.497915297746658
44559,0.221555829048157
44564,0.0708608776330948
44566,0.882781744003296
44568,0.160202458500862
44578,0.00784256123006344
44581,0.511985421180725
44587,0.00373532250523567
44588,0.0225224383175373
44589,0.0116258030757308
44596,0.0132189160212874
44597,0.00455261394381523
44600,0.0205181259661913
44605,0.00860104057937861
44609,0.667004466056824
44610,0.754660665988922
44611,0.103485994040966
44613,0.150929614901543
44619,0.513264656066895
44624,0.588949978351593
44625,0.611844599246979
44627,0.660113632678986
44633,0.705793261528015
44634,0.243329524993897
44636,0.867563247680664
44637,0.265806585550308
44639,0.06544329226017
44643,0.783943831920624
44646,0.186641007661819
44648,0.00450503639876843
44652,0.508904337882996
44656,0.411747694015503
44658,0.457072705030441
44662,0.145555675029755
44664,0.653989613056183
44666,0.892461478710175
44670,0.365066945552826
44674,0.761513948440552
44675,0.842393815517426
44681,0.526332020759583
44682,0.00373461656272411
44686,0.0967386811971664
44690,0.151045575737953
44696,0.459232538938522
44697,0.259819030761719
44698,0.373437911272049
44702,0.0309838205575943
44703,0.417807400226593
44704,0.870737075805664
44706,0.594041407108307
44709,0.117387466132641
44713,0.629918158054352
44724,0.231005907058716
44727,0.69806581735611
44729,0.0491274036467075
44736,0.811934590339661
44737,0.00715666357427836
44738,0.81340628862381
44739,0.507049143314362
44740,0.763686180114746
44747,0.569898664951325
44752,0.902443051338196
44756,0.634029746055603
44757,0.438350379467011
44761,0.737316310405731
44762,0.201504066586494
44767,0.0246608760207891
44771,0.564745247364044
44778,0.887642621994019
44781,0.570153534412384
44785,0.908783197402954
44791,0.688582837581635
44795,0.224541261792183
44797,0.862907290458679
44799,0.705996870994568
44809,0.407532811164856
44810,0.859944999217987
44816,0.590111196041107
44818,0.51318484544754
44819,0.463520050048828
44822,0.696087419986725
44823,0.00685062957927585
44824,0.68951028585434
44828,0.477338522672653
44831,0.398496061563492
44835,0.0076779811643064
44836,0.115975469350815
44838,0.00623891409486532
44842,0.121383123099804
44845,0.806614816188812
44848,0.657829403877258
44855,0.355613619089127
44856,0.152674525976181
44859,0.586387813091278
44863,0.31078252196312
44868,0.286320418119431
44871,0.730467259883881
44873,0.782655358314514
44874,0.120977737009525
44875,0.461653709411621
44877,0.692214608192444
44878,0.519952595233917
44885,0.895724356174469
44888,0.767321825027466
44890,0.0128461392596364
44892,0.672186434268951
44896,0.325401693582535
44899,0.838551700115204
44917,0.44517657160759
44933,0.471471101045609
44936,0.553032875061035
44937,0.529746174812317
44938,0.513293206691742
44942,0.783172070980072
44946,0.0512167811393738
44948,0.0456567592918873
44953,0.604100167751312
44955,0.479513764381409
44956,0.401556253433228
44957,0.525226950645447
44958,0.605197608470917
44959,0.807407736778259
44962,0.760718286037445
44966,0.0104981223121285
44967,0.475218057632446
44971,0.802152276039124
44975,0.381987810134888
44977,0.0862592980265617
44978,0.462309300899506
44988,0.230384260416031
44991,0.765231013298035
44993,0.359265834093094
44994,0.911472320556641
44997,0.331824451684952
45000,0.200435936450958
45001,0.00457553844898939
45006,0.838825762271881
45007,0.900399804115295
45008,0.309483140707016
45010,0.0906545221805573
45011,0.776483714580536
45013,0.944272696971893
45015,0.482412159442902
45016,0.783517360687256
45022,0.667551100254059
45025,0.229237794876099
45028,0.0116538405418396
45031,0.0824716612696648
45032,0.862336158752441
45038,0.615248918533325
45041,0.378491759300232
45042,0.211100563406944
45047,0.710476815700531
45050,0.313390463590622
45053,0.716188251972199
45054,0.674852311611176
45055,0.506465137004852
45059,0.411165326833725
45060,0.20191065967083
45068,0.653984904289246
45072,0.452260881662369
45074,0.890028715133667
45076,0.641327738761902
45077,0.480202525854111
45078,0.823896527290344
45079,0.843174636363983
45085,0.881335556507111
45094,0.673757493495941
45098,0.9583460688591
45099,0.909000933170319
45105,0.551095545291901
45106,0.927729070186615
45112,0.627741932868958
45116,0.288260579109192
45119,0.455701887607575
45121,0.759297788143158
45123,0.0134203741326928
45125,0.76972097158432
45133,0.926256239414215
45134,0.655319154262543
45137,0.00441674655303359
45138,0.248938962817192
45141,0.86128431558609
45142,0.622589707374573
45145,0.609066724777222
45147,0.129524230957031
45148,0.187485963106155
45150,0.63297438621521
45156,0.845829784870148
45157,0.44622865319252
45162,0.0243630539625883
45165,0.0481270514428616
45166,0.413191258907318
45168,0.312846451997757
45169,0.85584032535553
45174,0.0393752343952656
45175,0.915859878063202
45178,0.641350388526917
45182,0.00857106409966946
45185,0.619842708110809
45191,0.775576949119568
45193,0.367552936077118
45196,0.835397183895111
45198,0.123786777257919
45200,0.594506919384003
45202,0.725835204124451
45203,0.123227432370186
